0,3.300005405
0.05,3.300540476
0.1,3.301080949
0.15,3.301621415
0.2,3.302161871
0.25,3.302702313
0.3,3.303242739
0.35,3.303783144
0.4,3.304323526
0.45,3.304863881
0.5,3.305404206
0.55,3.305944497
0.6,3.306484751
0.65,3.307024965
0.7,3.307565135
0.75,3.308105259
0.8,3.308645332
0.85,3.309185352
0.9,3.309725315
0.95,3.310265217
1,3.310805057
1.05,3.31134483
1.1,3.311884532
1.15,3.312424162
1.2,3.312963715
1.25,3.313503189
1.3,3.314042579
1.35,3.314581884
1.4,3.315121099
1.45,3.315660222
1.5,3.316199249
1.55,3.316738177
1.6,3.317277003
1.65,3.317815724
1.7,3.318354337
1.75,3.318892839
1.8,3.319431226
1.85,3.319969496
1.9,3.320507645
1.95,3.321045671
2,3.32158357
2.05,3.32212134
2.1,3.322658977
2.15,3.323196479
2.2,3.323733842
2.25,3.324271064
2.3,3.324808141
2.35,3.325345071
2.4,3.325881851
2.45,3.326418479
2.5,3.32695495
2.55,3.327491263
2.6,3.328027415
2.65,3.328563402
2.7,3.329099223
2.75,3.329634874
2.8,3.330170352
2.85,3.330705656
2.9,3.331240782
2.95,3.331775728
3,3.332310491
3.05,3.332845069
3.1,3.333379458
3.15,3.333913657
3.2,3.334447663
3.25,3.334981473
3.3,3.335515085
3.35,3.336048497
3.4,3.336581706
3.45,3.337114709
3.5,3.337647505
3.55,3.33818009
3.6,3.338712464
3.65,3.339244622
3.7,3.339776564
3.75,3.340308286
3.8,3.340839787
3.85,3.341371064
3.9,3.341902116
3.95,3.342432939
4,3.342963533
4.05,3.343493894
4.1,3.344024021
4.15,3.344553912
4.2,3.345083565
4.25,3.345612977
4.3,3.346142147
4.35,3.346671073
4.4,3.347199752
4.45,3.347728184
4.5,3.348256366
4.55,3.348784296
4.6,3.349311973
4.65,3.349839395
4.7,3.350366559
4.75,3.350893465
4.8,3.35142011
4.85,3.351946493
4.9,3.352472613
4.95,3.352998466
5,3.353524053
5.05,3.354049372
5.1,3.35457442
5.15,3.355099197
5.2,3.3556237
5.25,3.356147929
5.3,3.356671882
5.35,3.357195557
5.4,3.357718954
5.45,3.35824207
5.5,3.358764905
5.55,3.359287457
5.6,3.359809724
5.65,3.360331707
5.7,3.360853402
5.75,3.36137481
5.8,3.361895928
5.85,3.362416757
5.9,3.362937293
5.95,3.363457538
6,3.363977489
6.05,3.364497145
6.1,3.365016505
6.15,3.365535569
6.2,3.366054334
6.25,3.366572801
6.3,3.367090969
6.35,3.367608836
6.4,3.368126401
6.45,3.368643664
6.5,3.369160623
6.55,3.369677279
6.6,3.370193629
6.65,3.370709674
6.7,3.371225413
6.75,3.371740844
6.8,3.372255967
6.85,3.372770782
6.9,3.373285287
6.95,3.373799482
7,3.374313366
7.05,3.37482694
7.1,3.375340201
7.15,3.37585315
7.2,3.376365786
7.25,3.376878108
7.3,3.377390116
7.35,3.37790181
7.4,3.378413188
7.45,3.378924251
7.5,3.379434998
7.55,3.379945429
7.6,3.380455543
7.65,3.380965339
7.7,3.381474818
7.75,3.381983979
7.8,3.382492822
7.85,3.383001346
7.9,3.383509552
7.95,3.384017438
8,3.384525005
8.05,3.385032252
8.1,3.38553918
8.15,3.386045787
8.2,3.386552074
8.25,3.38705804
8.3,3.387563686
8.35,3.388069011
8.4,3.388574015
8.45,3.389078699
8.5,3.389583061
8.55,3.390087102
8.6,3.390590821
8.65,3.391094219
8.7,3.391597296
8.75,3.392100052
8.8,3.392602486
8.85,3.393104599
8.9,3.39360639
8.95,3.39410786
9,3.394609008
9.05,3.395109835
9.1,3.395610342
9.15,3.396110526
9.2,3.39661039
9.25,3.397109933
9.3,3.397609156
9.35,3.398108057
9.4,3.398606638
9.45,3.399104899
9.5,3.399602839
9.55,3.40010046
9.6,3.40059776
9.65,3.401094741
9.7,3.401591403
9.75,3.402087745
9.8,3.402583768
9.85,3.403079473
9.9,3.403574859
9.95,3.404069927
10,3.404564677
10.05,3.405059109
10.1,3.405553224
10.15,3.406047022
10.2,3.406540503
10.25,3.407033668
10.3,3.407526517
10.35,3.40801905
10.4,3.408511267
10.45,3.40900317
10.5,3.409494758
10.55,3.409986031
10.6,3.410476991
10.65,3.410967637
10.7,3.41145797
10.75,3.41194799
10.8,3.412437698
10.85,3.412927094
10.9,3.413416178
10.95,3.413904952
11,3.414393415
11.05,3.414881568
11.1,3.415369411
11.15,3.415856944
11.2,3.41634417
11.25,3.416831086
11.3,3.417317695
11.35,3.417803997
11.4,3.418289992
11.45,3.418775681
11.5,3.419261063
11.55,3.419746141
11.6,3.420230913
11.65,3.420715382
11.7,3.421199547
11.75,3.421683408
11.8,3.422166967
11.85,3.422650223
11.9,3.423133179
11.95,3.423615833
12,3.424098186
12.05,3.42458024
12.1,3.425061994
12.15,3.42554345
12.2,3.426024607
12.25,3.426505467
12.3,3.426986029
12.35,3.427466296
12.4,3.427946266
12.45,3.428425941
12.5,3.428905321
12.55,3.429384408
12.6,3.429863201
12.65,3.430341701
12.7,3.430819908
12.75,3.431297824
12.8,3.431775449
12.85,3.432252784
12.9,3.432729829
12.95,3.433206584
13,3.433683052
13.05,3.434159231
13.1,3.434635123
13.15,3.435110728
13.2,3.435586047
13.25,3.436061081
13.3,3.436535831
13.35,3.437010296
13.4,3.437484478
13.45,3.437958377
13.5,3.438431993
13.55,3.438905329
13.6,3.439378383
13.65,3.439851158
13.7,3.440323653
13.75,3.440795869
13.8,3.441267807
13.85,3.441739467
13.9,3.44221085
13.95,3.442681958
14,3.443152789
14.05,3.443623346
14.1,3.444093629
14.15,3.444563638
14.2,3.445033375
14.25,3.445502839
14.3,3.445972031
14.35,3.446440953
14.4,3.446909605
14.45,3.447377987
14.5,3.447846101
14.55,3.448313946
14.6,3.448781524
14.65,3.449248835
14.7,3.44971588
14.75,3.450182659
14.8,3.450649174
14.85,3.451115425
14.9,3.451581412
14.95,3.452047137
15,3.452512599
15.05,3.452977801
15.1,3.453442741
15.15,3.453907422
15.2,3.454371844
15.25,3.454836006
15.3,3.455299911
15.35,3.455763559
15.4,3.45622695
15.45,3.456690085
15.5,3.457152965
15.55,3.457615591
15.6,3.458077962
15.65,3.458540081
15.7,3.459001947
15.75,3.459463561
15.8,3.459924924
15.85,3.460386037
15.9,3.4608469
15.95,3.461307513
16,3.461767879
16.05,3.462227996
16.1,3.462687867
16.15,3.463147491
16.2,3.46360687
16.25,3.464066003
16.3,3.464524892
16.35,3.464983538
16.4,3.46544194
16.45,3.4659001
16.5,3.466358019
16.55,3.466815696
16.6,3.467273133
16.65,3.467730331
16.7,3.468187289
16.75,3.468644009
16.8,3.469100491
16.85,3.469556737
16.9,3.470012746
16.95,3.470468519
17,3.470924058
17.05,3.471379362
17.1,3.471834432
17.15,3.47228927
17.2,3.472743875
17.25,3.473198248
17.3,3.47365239
17.35,3.474106302
17.4,3.474559984
17.45,3.475013437
17.5,3.475466661
17.55,3.475919658
17.6,3.476372427
17.65,3.47682497
17.7,3.477277288
17.75,3.47772938
17.8,3.478181247
17.85,3.47863289
17.9,3.47908431
17.95,3.479535508
18,3.479986483
18.05,3.480437238
18.1,3.480887771
18.15,3.481338084
18.2,3.481788178
18.25,3.482238053
18.3,3.48268771
18.35,3.483137149
18.4,3.483586371
18.45,3.484035377
18.5,3.484484167
18.55,3.484932742
18.6,3.485381102
18.65,3.485829249
18.7,3.486277183
18.75,3.486724903
18.8,3.487172412
18.85,3.48761971
18.9,3.488066797
18.95,3.488513673
19,3.48896034
19.05,3.489406798
19.1,3.489853048
19.15,3.49029909
19.2,3.490744925
19.25,3.491190553
19.3,3.491635976
19.35,3.492081193
19.4,3.492526205
19.45,3.492971013
19.5,3.493415618
19.55,3.49386002
19.6,3.494304219
19.65,3.494748217
19.7,3.495192013
19.75,3.495635609
19.8,3.496079004
19.85,3.496522201
19.9,3.496965198
19.95,3.497407997
20,3.497850599
20.05,3.498293003
20.1,3.498735211
20.15,3.499177223
20.2,3.49961904
20.25,3.500060661
20.3,3.500502088
20.35,3.500943322
20.4,3.501384363
20.45,3.501825211
20.5,3.502265866
20.55,3.502706331
20.6,3.503146605
20.65,3.503586688
20.7,3.504026581
20.75,3.504466285
20.8,3.504905801
20.85,3.505345128
20.9,3.505784268
20.95,3.506223221
21,3.506661987
21.05,3.507100567
21.1,3.507538962
21.15,3.507977172
21.2,3.508415198
21.25,3.50885304
21.3,3.509290699
21.35,3.509728174
21.4,3.510165468
21.45,3.51060258
21.5,3.511039511
21.55,3.511476261
21.6,3.511912832
21.65,3.512349222
21.7,3.512785434
21.75,3.513221467
21.8,3.513657322
21.85,3.514092999
21.9,3.5145285
21.95,3.514963824
22,3.515398972
22.05,3.515833945
22.1,3.516268743
22.15,3.516703366
22.2,3.517137815
22.25,3.517572091
22.3,3.518006194
22.35,3.518440125
22.4,3.518873884
22.45,3.519307471
22.5,3.519740887
22.55,3.520174133
22.6,3.520607209
22.65,3.521040116
22.7,3.521472854
22.75,3.521905423
22.8,3.522337824
22.85,3.522770057
22.9,3.523202124
22.95,3.523634024
23,3.524065758
23.05,3.524497326
23.1,3.52492873
23.15,3.525359968
23.2,3.525791043
23.25,3.526221953
23.3,3.526652701
23.35,3.527083286
23.4,3.527513708
23.45,3.527943969
23.5,3.528374068
23.55,3.528804006
23.6,3.529233784
23.65,3.529663402
23.7,3.530092861
23.75,3.53052216
23.8,3.530951301
23.85,3.531380284
23.9,3.531809108
23.95,3.532237776
24,3.532666287
24.05,3.533094641
24.1,3.53352284
24.15,3.533950883
24.2,3.534378771
24.25,3.534806504
24.3,3.535234083
24.35,3.535661509
24.4,3.536088781
24.45,3.5365159
24.5,3.536942867
24.55,3.537369682
24.6,3.537796346
24.65,3.538222858
24.7,3.53864922
24.75,3.539075431
24.8,3.539501492
24.85,3.539927404
24.9,3.540353167
24.95,3.540778782
25,3.541204248
25.05,3.541629566
25.1,3.542054737
25.15,3.542479762
25.2,3.542904639
25.25,3.543329371
25.3,3.543753957
25.35,3.544178397
25.4,3.544602693
25.45,3.545026844
25.5,3.545450851
25.55,3.545874715
25.6,3.546298435
25.65,3.546722012
25.7,3.547145447
25.75,3.54756874
25.8,3.547991891
25.85,3.548414901
25.9,3.54883777
25.95,3.549260498
26,3.549683087
26.05,3.550105535
26.1,3.550527845
26.15,3.550950015
26.2,3.551372047
26.25,3.55179394
26.3,3.552215696
26.35,3.552637314
26.4,3.553058796
26.45,3.55348014
26.5,3.553901349
26.55,3.554322421
26.6,3.554743358
26.65,3.55516416
26.7,3.555584827
26.75,3.556005359
26.8,3.556425758
26.85,3.556846023
26.9,3.557266154
26.95,3.557686153
27,3.558106019
27.05,3.558525753
27.1,3.558945354
27.15,3.559364825
27.2,3.559784164
27.25,3.560203372
27.3,3.56062245
27.35,3.561041398
27.4,3.561460216
27.45,3.561878905
27.5,3.562297465
27.55,3.562715896
27.6,3.563134199
27.65,3.563552374
27.7,3.563970421
27.75,3.564388341
27.8,3.564806134
27.85,3.5652238
27.9,3.56564134
27.95,3.566058754
28,3.566476043
28.05,3.566893206
28.1,3.567310245
28.15,3.567727159
28.2,3.568143948
28.25,3.568560614
28.3,3.568977156
28.35,3.569393575
28.4,3.569809871
28.45,3.570226045
28.5,3.570642096
28.55,3.571058025
28.6,3.571473833
28.65,3.571889519
28.7,3.572305085
28.75,3.572720529
28.8,3.573135854
28.85,3.573551058
28.9,3.573966143
28.95,3.574381109
29,3.574795955
29.05,3.575210683
29.1,3.575625292
29.15,3.576039783
29.2,3.576454157
29.25,3.576868413
29.3,3.577282551
29.35,3.577696573
29.4,3.578110478
29.45,3.578524268
29.5,3.578937941
29.55,3.579351498
29.6,3.57976494
29.65,3.580178268
29.7,3.58059148
29.75,3.581004578
29.8,3.581417562
29.85,3.581830432
29.9,3.582243188
29.95,3.582655831
30,3.583068362
30.05,3.583480779
30.1,3.583893085
30.15,3.584305278
30.2,3.584717359
30.25,3.585129329
30.3,3.585541188
30.35,3.585952936
30.4,3.586364573
30.45,3.5867761
30.5,3.587187517
30.55,3.587598824
30.6,3.588010021
30.65,3.58842111
30.7,3.588832089
30.75,3.58924296
30.8,3.589653722
30.85,3.590064377
30.9,3.590474923
30.95,3.590885362
31,3.591295694
31.05,3.591705919
31.1,3.592116037
31.15,3.592526048
31.2,3.592935954
31.25,3.593345753
31.3,3.593755447
31.35,3.594165036
31.4,3.594574519
31.45,3.594983898
31.5,3.595393172
31.55,3.595802342
31.6,3.596211407
31.65,3.596620369
31.7,3.597029228
31.75,3.597437983
31.8,3.597846635
31.85,3.598255185
31.9,3.598663632
31.95,3.599071977
32,3.59948022
32.05,3.599888361
32.1,3.600296401
32.15,3.600704339
32.2,3.601112177
32.25,3.601519914
32.3,3.60192755
32.35,3.602335087
32.4,3.602742523
32.45,3.60314986
32.5,3.603557097
32.55,3.603964235
32.6,3.604371274
32.65,3.604778215
32.7,3.605185057
32.75,3.605591801
32.8,3.605998447
32.85,3.606404995
32.9,3.606811445
32.95,3.607217799
33,3.607624055
33.05,3.608030215
33.1,3.608436278
33.15,3.608842245
33.2,3.609248116
33.25,3.609653891
33.3,3.610059571
33.35,3.610465155
33.4,3.610870644
33.45,3.611276038
33.5,3.611681338
33.55,3.612086543
33.6,3.612491654
33.65,3.612896671
33.7,3.613301594
33.75,3.613706424
33.8,3.614111161
33.85,3.614515804
33.9,3.614920355
33.95,3.615324813
34,3.615729179
34.05,3.616133452
34.1,3.616537634
34.15,3.616941724
34.2,3.617345723
34.25,3.61774963
34.3,3.618153446
34.35,3.618557172
34.4,3.618960807
34.45,3.619364351
34.5,3.619767805
34.55,3.62017117
34.6,3.620574444
34.65,3.62097763
34.7,3.621380725
34.75,3.621783732
34.8,3.62218665
34.85,3.622589479
34.9,3.62299222
34.95,3.623394873
35,3.623797437
35.05,3.624199914
35.1,3.624602303
35.15,3.625004605
35.2,3.625406819
35.25,3.625808947
35.3,3.626210988
35.35,3.626612942
35.4,3.62701481
35.45,3.627416591
35.5,3.627818287
35.55,3.628219897
35.6,3.628621421
35.65,3.62902286
35.7,3.629424214
35.75,3.629825483
35.8,3.630226667
35.85,3.630627767
35.9,3.631028782
35.95,3.631429713
36,3.63183056
36.05,3.632231323
36.1,3.632632003
36.15,3.6330326
36.2,3.633433113
36.25,3.633833543
36.3,3.63423389
36.35,3.634634155
36.4,3.635034337
36.45,3.635434437
36.5,3.635834455
36.55,3.636234392
36.6,3.636634246
36.65,3.637034019
36.7,3.637433711
36.75,3.637833322
36.8,3.638232852
36.85,3.638632301
36.9,3.639031669
36.95,3.639430957
37,3.639830165
37.05,3.640229293
37.1,3.640628342
37.15,3.64102731
37.2,3.641426199
37.25,3.641825009
37.3,3.64222374
37.35,3.642622392
37.4,3.643020965
37.45,3.64341946
37.5,3.643817877
37.55,3.644216215
37.6,3.644614475
37.65,3.645012657
37.7,3.645410762
37.75,3.645808789
37.8,3.646206739
37.85,3.646604612
37.9,3.647002408
37.95,3.647400127
38,3.647797769
38.05,3.648195335
38.1,3.648592825
38.15,3.648990239
38.2,3.649387577
38.25,3.649784839
38.3,3.650182025
38.35,3.650579136
38.4,3.650976172
38.45,3.651373133
38.5,3.651770019
38.55,3.65216683
38.6,3.652563566
38.65,3.652960229
38.7,3.653356817
38.75,3.65375333
38.8,3.65414977
38.85,3.654546136
38.9,3.654942429
38.95,3.655338648
39,3.655734794
39.05,3.656130867
39.1,3.656526867
39.15,3.656922794
39.2,3.657318649
39.25,3.657714431
39.3,3.65811014
39.35,3.658505778
39.4,3.658901344
39.45,3.659296837
39.5,3.65969226
39.55,3.66008761
39.6,3.66048289
39.65,3.660878098
39.7,3.661273235
39.75,3.661668301
39.8,3.662063297
39.85,3.662458222
39.9,3.662853076
39.95,3.66324786
40,3.663642574
40.05,3.664037219
40.1,3.664431793
40.15,3.664826298
40.2,3.665220733
40.25,3.665615099
40.3,3.666009395
40.35,3.666403623
40.4,3.666797782
40.45,3.667191871
40.5,3.667585893
40.55,3.667979846
40.6,3.66837373
40.65,3.668767546
40.7,3.669161295
40.75,3.669554975
40.8,3.669948588
40.85,3.670342133
40.9,3.670735611
40.95,3.671129021
41,3.671522364
41.05,3.67191564
41.1,3.67230885
41.15,3.672701992
41.2,3.673095068
41.25,3.673488078
41.3,3.673881021
41.35,3.674273898
41.4,3.674666709
41.45,3.675059454
41.5,3.675452134
41.55,3.675844748
41.6,3.676237296
41.65,3.676629779
41.7,3.677022197
41.75,3.67741455
41.8,3.677806837
41.85,3.678199061
41.9,3.678591219
41.95,3.678983313
42,3.679375342
42.05,3.679767308
42.1,3.680159209
42.15,3.680551046
42.2,3.68094282
42.25,3.681334529
42.3,3.681726175
42.35,3.682117758
42.4,3.682509277
42.45,3.682900734
42.5,3.683292127
42.55,3.683683457
42.6,3.684074724
42.65,3.684465929
42.7,3.684857071
42.75,3.685248151
42.8,3.685639169
42.85,3.686030124
42.9,3.686421018
42.95,3.686811849
43,3.687202619
43.05,3.687593327
43.1,3.687983974
43.15,3.688374559
43.2,3.688765083
43.25,3.689155546
43.3,3.689545948
43.35,3.689936289
43.4,3.690326569
43.45,3.690716789
43.5,3.691106948
43.55,3.691497047
43.6,3.691887086
43.65,3.692277064
43.7,3.692666982
43.75,3.693056841
43.8,3.69344664
43.85,3.693836379
43.9,3.694226058
43.95,3.694615679
44,3.695005239
44.05,3.695394741
44.1,3.695784184
44.15,3.696173568
44.2,3.696562893
44.25,3.696952159
44.3,3.697341367
44.35,3.697730516
44.4,3.698119607
44.45,3.698508639
44.5,3.698897614
44.55,3.69928653
44.6,3.699675389
44.65,3.70006419
44.7,3.700452933
44.75,3.700841619
44.8,3.701230248
44.85,3.701618819
44.9,3.702007333
44.95,3.70239579
45,3.702784189
45.05,3.703172532
45.1,3.703560819
45.15,3.703949049
45.2,3.704337222
45.25,3.704725339
45.3,3.705113399
45.35,3.705501403
45.4,3.705889352
45.45,3.706277244
45.5,3.706665081
45.55,3.707052862
45.6,3.707440587
45.65,3.707828256
45.7,3.708215871
45.75,3.70860343
45.8,3.708990933
45.85,3.709378382
45.9,3.709765776
45.95,3.710153115
46,3.710540399
46.05,3.710927629
46.1,3.711314804
46.15,3.711701924
46.2,3.71208899
46.25,3.712476002
46.3,3.71286296
46.35,3.713249864
46.4,3.713636714
46.45,3.71402351
46.5,3.714410253
46.55,3.714796942
46.6,3.715183577
46.65,3.715570159
46.7,3.715956688
46.75,3.716343163
46.8,3.716729586
46.85,3.717115955
46.9,3.717502272
46.95,3.717888536
47,3.718274747
47.05,3.718660906
47.1,3.719047012
47.15,3.719433066
47.2,3.719819067
47.25,3.720205016
47.3,3.720590914
47.35,3.720976759
47.4,3.721362553
47.45,3.721748294
47.5,3.722133984
47.55,3.722519623
47.6,3.72290521
47.65,3.723290745
47.7,3.72367623
47.75,3.724061663
47.8,3.724447045
47.85,3.724832376
47.9,3.725217656
47.95,3.725602885
48,3.725988064
48.05,3.726373192
48.1,3.726758269
48.15,3.727143297
48.2,3.727528273
48.25,3.7279132
48.3,3.728298076
48.35,3.728682903
48.4,3.729067679
48.45,3.729452406
48.5,3.729837083
48.55,3.73022171
48.6,3.730606288
48.65,3.730990816
48.7,3.731375295
48.75,3.731759724
48.8,3.732144104
48.85,3.732528436
48.9,3.732912718
48.95,3.733296951
49,3.733681135
49.05,3.734065271
49.1,3.734449358
49.15,3.734833396
49.2,3.735217386
49.25,3.735601328
49.3,3.735985221
49.35,3.736369066
49.4,3.736752863
49.45,3.737136612
49.5,3.737520313
49.55,3.737903966
49.6,3.738287572
49.65,3.738671129
49.7,3.73905464
49.75,3.739438102
49.8,3.739821517
49.85,3.740204885
49.9,3.740588206
49.95,3.740971479
50,3.741354706
50.05,3.741737885
50.1,3.742121018
50.15,3.742504103
50.2,3.742887142
50.25,3.743270135
50.3,3.74365308
50.35,3.74403598
50.4,3.744418833
50.45,3.744801639
50.5,3.7451844
50.55,3.745567114
50.6,3.745949782
50.65,3.746332404
50.7,3.746714981
50.75,3.747097511
50.8,3.747479996
50.85,3.747862435
50.9,3.748244829
50.95,3.748627177
51,3.74900948
51.05,3.749391737
51.1,3.74977395
51.15,3.750156117
51.2,3.750538239
51.25,3.750920316
51.3,3.751302348
51.35,3.751684335
51.4,3.752066278
51.45,3.752448176
51.5,3.752830029
51.55,3.753211838
51.6,3.753593602
51.65,3.753975322
51.7,3.754356998
51.75,3.754738629
51.8,3.755120217
51.85,3.75550176
51.9,3.755883259
51.95,3.756264715
52,3.756646127
52.05,3.757027495
52.1,3.757408819
52.15,3.7577901
52.2,3.758171337
52.25,3.758552531
52.3,3.758933682
52.35,3.759314789
52.4,3.759695853
52.45,3.760076874
52.5,3.760457852
52.55,3.760838787
52.6,3.761219679
52.65,3.761600529
52.7,3.761981335
52.75,3.762362099
52.8,3.76274282
52.85,3.763123499
52.9,3.763504136
52.95,3.76388473
53,3.764265281
53.05,3.764645791
53.1,3.765026258
53.15,3.765406683
53.2,3.765787067
53.25,3.766167408
53.3,3.766547708
53.35,3.766927965
53.4,3.767308181
53.45,3.767688356
53.5,3.768068488
53.55,3.76844858
53.6,3.76882863
53.65,3.769208638
53.7,3.769588605
53.75,3.769968532
53.8,3.770348416
53.85,3.77072826
53.9,3.771108063
53.95,3.771487825
54,3.771867546
54.05,3.772247227
54.1,3.772626866
54.15,3.773006465
54.2,3.773386023
54.25,3.773765541
54.3,3.774145019
54.35,3.774524456
54.4,3.774903853
54.45,3.775283209
54.5,3.775662525
54.55,3.776041802
54.6,3.776421038
54.65,3.776800234
54.7,3.777179391
54.75,3.777558507
54.8,3.777937584
54.85,3.778316621
54.9,3.778695619
54.95,3.779074576
55,3.779453495
55.05,3.779832374
55.1,3.780211214
55.15,3.780590014
55.2,3.780968775
55.25,3.781347497
55.3,3.78172618
55.35,3.782104824
55.4,3.782483429
55.45,3.782861995
55.5,3.783240522
55.55,3.783619011
55.6,3.78399746
55.65,3.784375871
55.7,3.784754244
55.75,3.785132578
55.8,3.785510873
55.85,3.785889131
55.9,3.78626735
55.95,3.78664553
56,3.787023673
56.05,3.787401777
56.1,3.787779843
56.15,3.788157871
56.2,3.788535862
56.25,3.788913814
56.3,3.789291729
56.35,3.789669606
56.4,3.790047445
56.45,3.790425247
56.5,3.790803011
56.55,3.791180737
56.6,3.791558426
56.65,3.791936078
56.7,3.792313692
56.75,3.792691269
56.8,3.793068809
56.85,3.793446312
56.9,3.793823778
56.95,3.794201207
57,3.794578598
57.05,3.794955953
57.1,3.795333271
57.15,3.795710553
57.2,3.796087797
57.25,3.796465005
57.3,3.796842177
57.35,3.797219311
57.4,3.79759641
57.45,3.797973472
57.5,3.798350497
57.55,3.798727487
57.6,3.79910444
57.65,3.799481357
57.7,3.799858237
57.75,3.800235082
57.8,3.800611891
57.85,3.800988664
57.9,3.801365401
57.95,3.801742102
58,3.802118767
58.05,3.802495397
58.1,3.802871991
58.15,3.803248549
58.2,3.803625072
58.25,3.804001559
58.3,3.804378011
58.35,3.804754427
58.4,3.805130809
58.45,3.805507155
58.5,3.805883465
58.55,3.806259741
58.6,3.806635982
58.65,3.807012187
58.7,3.807388358
58.75,3.807764493
58.8,3.808140594
58.85,3.80851666
58.9,3.808892691
58.95,3.809268688
59,3.80964465
59.05,3.810020577
59.1,3.81039647
59.15,3.810772328
59.2,3.811148152
59.25,3.811523941
59.3,3.811899696
59.35,3.812275417
59.4,3.812651104
59.45,3.813026757
59.5,3.813402375
59.55,3.813777959
59.6,3.81415351
59.65,3.814529026
59.7,3.814904509
59.75,3.815279958
59.8,3.815655373
59.85,3.816030754
59.9,3.816406102
59.95,3.816781416
60,3.817156696
60.05,3.817531943
60.1,3.817907156
60.15,3.818282336
60.2,3.818657483
60.25,3.819032596
60.3,3.819407677
60.35,3.819782723
60.4,3.820157737
60.45,3.820532718
60.5,3.820907666
60.55,3.82128258
60.6,3.821657462
60.65,3.822032311
60.7,3.822407127
60.75,3.82278191
60.8,3.82315666
60.85,3.823531378
60.9,3.823906063
60.95,3.824280716
61,3.824655335
61.05,3.825029923
61.1,3.825404478
61.15,3.825779001
61.2,3.826153491
61.25,3.826527949
61.3,3.826902375
61.35,3.827276768
61.4,3.82765113
61.45,3.828025459
61.5,3.828399756
61.55,3.828774022
61.6,3.829148255
61.65,3.829522457
61.7,3.829896626
61.75,3.830270764
61.8,3.83064487
61.85,3.831018945
61.9,3.831392987
61.95,3.831766999
62,3.832140978
62.05,3.832514926
62.1,3.832888843
62.15,3.833262728
62.2,3.833636582
62.25,3.834010404
62.3,3.834384196
62.35,3.834757956
62.4,3.835131684
62.45,3.835505382
62.5,3.835879049
62.55,3.836252684
62.6,3.836626289
62.65,3.836999863
62.7,3.837373405
62.75,3.837746917
62.8,3.838120398
62.85,3.838493849
62.9,3.838867268
62.95,3.839240657
63,3.839614016
63.05,3.839987344
63.1,3.840360641
63.15,3.840733908
63.2,3.841107144
63.25,3.84148035
63.3,3.841853526
63.35,3.842226671
63.4,3.842599786
63.45,3.842972871
63.5,3.843345926
63.55,3.84371895
63.6,3.844091945
63.65,3.844464909
63.7,3.844837844
63.75,3.845210748
63.8,3.845583623
63.85,3.845956468
63.9,3.846329283
63.95,3.846702068
64,3.847074823
64.05,3.847447549
64.1,3.847820245
64.15,3.848192912
64.2,3.848565549
64.25,3.848938157
64.3,3.849310735
64.35,3.849683283
64.4,3.850055803
64.45,3.850428293
64.5,3.850800753
64.55,3.851173185
64.6,3.851545587
64.65,3.85191796
64.7,3.852290304
64.75,3.852662619
64.8,3.853034905
64.85,3.853407162
64.9,3.85377939
64.95,3.854151589
65,3.854523759
65.05,3.854895901
65.1,3.855268013
65.15,3.855640097
65.2,3.856012152
65.25,3.856384179
65.3,3.856756177
65.35,3.857128146
65.4,3.857500087
65.45,3.857871999
65.5,3.858243883
65.55,3.858615739
65.6,3.858987566
65.65,3.859359365
65.7,3.859731135
65.75,3.860102878
65.8,3.860474592
65.85,3.860846278
65.9,3.861217936
65.95,3.861589565
66,3.861961167
66.05,3.862332741
66.1,3.862704287
66.15,3.863075805
66.2,3.863447295
66.25,3.863818757
66.3,3.864190191
66.35,3.864561598
66.4,3.864932977
66.45,3.865304328
66.5,3.865675651
66.55,3.866046947
66.6,3.866418216
66.65,3.866789457
66.7,3.86716067
66.75,3.867531856
66.8,3.867903015
66.85,3.868274146
66.9,3.86864525
66.95,3.869016326
67,3.869387376
67.05,3.869758398
67.1,3.870129393
67.15,3.870500361
67.2,3.870871302
67.25,3.871242215
67.3,3.871613102
67.35,3.871983962
67.4,3.872354795
67.45,3.872725601
67.5,3.87309638
67.55,3.873467132
67.6,3.873837857
67.65,3.874208556
67.7,3.874579228
67.75,3.874949873
67.8,3.875320492
67.85,3.875691084
67.9,3.876061649
67.95,3.876432188
68,3.876802701
68.05,3.877173187
68.1,3.877543646
68.15,3.87791408
68.2,3.878284487
68.25,3.878654867
68.3,3.879025221
68.35,3.87939555
68.4,3.879765851
68.45,3.880136127
68.5,3.880506377
68.55,3.8808766
68.6,3.881246798
68.65,3.881616969
68.7,3.881987115
68.75,3.882357234
68.8,3.882727328
68.85,3.883097396
68.9,3.883467438
68.95,3.883837454
69,3.884207444
69.05,3.884577409
69.1,3.884947348
69.15,3.885317261
69.2,3.885687149
69.25,3.886057011
69.3,3.886426848
69.35,3.886796659
69.4,3.887166444
69.45,3.887536204
69.5,3.887905939
69.55,3.888275649
69.6,3.888645333
69.65,3.889014991
69.7,3.889384625
69.75,3.889754233
69.8,3.890123816
69.85,3.890493374
69.9,3.890862907
69.95,3.891232414
70,3.891601897
70.05,3.891971354
70.1,3.892340787
70.15,3.892710194
70.2,3.893079577
70.25,3.893448935
70.3,3.893818268
70.35,3.894187576
70.4,3.894556859
70.45,3.894926117
70.5,3.895295351
70.55,3.89566456
70.6,3.896033745
70.65,3.896402905
70.7,3.89677204
70.75,3.89714115
70.8,3.897510237
70.85,3.897879298
70.9,3.898248335
70.95,3.898617348
71,3.898986336
71.05,3.899355301
71.1,3.89972424
71.15,3.900093156
71.2,3.900462047
71.25,3.900830914
71.3,3.901199756
71.35,3.901568575
71.4,3.901937369
71.45,3.90230614
71.5,3.902674886
71.55,3.903043608
71.6,3.903412306
71.65,3.90378098
71.7,3.904149631
71.75,3.904518257
71.8,3.90488686
71.85,3.905255438
71.9,3.905623993
71.95,3.905992524
72,3.906361031
72.05,3.906729515
72.1,3.907097975
72.15,3.907466411
72.2,3.907834824
72.25,3.908203213
72.3,3.908571578
72.35,3.90893992
72.4,3.909308239
72.45,3.909676534
72.5,3.910044805
72.55,3.910413053
72.6,3.910781278
72.65,3.91114948
72.7,3.911517658
72.75,3.911885813
72.8,3.912253944
72.85,3.912622053
72.9,3.912990138
72.95,3.9133582
73,3.913726239
73.05,3.914094254
73.1,3.914462247
73.15,3.914830217
73.2,3.915198164
73.25,3.915566087
73.3,3.915933988
73.35,3.916301866
73.4,3.916669721
73.45,3.917037553
73.5,3.917405362
73.55,3.917773149
73.6,3.918140912
73.65,3.918508653
73.7,3.918876371
73.75,3.919244067
73.8,3.91961174
73.85,3.91997939
73.9,3.920347018
73.95,3.920714623
74,3.921082206
74.05,3.921449766
74.1,3.921817303
74.15,3.922184818
74.2,3.922552311
74.25,3.922919781
74.3,3.92328723
74.35,3.923654655
74.4,3.924022059
74.45,3.92438944
74.5,3.924756798
74.55,3.925124135
74.6,3.92549145
74.65,3.925858742
74.7,3.926226012
74.75,3.92659326
74.8,3.926960486
74.85,3.92732769
74.9,3.927694872
74.95,3.928062032
75,3.92842917
75.05,3.928796286
75.1,3.92916338
75.15,3.929530452
75.2,3.929897503
75.25,3.930264531
75.3,3.930631538
75.35,3.930998523
75.4,3.931365487
75.45,3.931732428
75.5,3.932099348
75.55,3.932466246
75.6,3.932833123
75.65,3.933199978
75.7,3.933566811
75.75,3.933933623
75.8,3.934300414
75.85,3.934667183
75.9,3.93503393
75.95,3.935400656
76,3.935767361
76.05,3.936134044
76.1,3.936500706
76.15,3.936867346
76.2,3.937233966
76.25,3.937600564
76.3,3.93796714
76.35,3.938333696
76.4,3.93870023
76.45,3.939066743
76.5,3.939433235
76.55,3.939799706
76.6,3.940166156
76.65,3.940532585
76.7,3.940898992
76.75,3.941265379
76.8,3.941631745
76.85,3.94199809
76.9,3.942364414
76.95,3.942730716
77,3.943096999
77.05,3.94346326
77.1,3.9438295
77.15,3.94419572
77.2,3.944561919
77.25,3.944928097
77.3,3.945294254
77.35,3.945660391
77.4,3.946026507
77.45,3.946392602
77.5,3.946758677
77.55,3.947124731
77.6,3.947490764
77.65,3.947856777
77.7,3.94822277
77.75,3.948588742
77.8,3.948954693
77.85,3.949320625
77.9,3.949686535
77.95,3.950052426
78,3.950418296
78.05,3.950784145
78.1,3.951149974
78.15,3.951515784
78.2,3.951881572
78.25,3.952247341
78.3,3.952613089
78.35,3.952978817
78.4,3.953344525
78.45,3.953710213
78.5,3.954075881
78.55,3.954441528
78.6,3.954807156
78.65,3.955172763
78.7,3.955538351
78.75,3.955903918
78.8,3.956269466
78.85,3.956634993
78.9,3.957000501
78.95,3.957365989
79,3.957731457
79.05,3.958096905
79.1,3.958462333
79.15,3.958827741
79.2,3.95919313
79.25,3.959558499
79.3,3.959923848
79.35,3.960289178
79.4,3.960654487
79.45,3.961019777
79.5,3.961385048
79.55,3.961750299
79.6,3.96211553
79.65,3.962480742
79.7,3.962845934
79.75,3.963211107
79.8,3.96357626
79.85,3.963941394
79.9,3.964306508
79.95,3.964671603
80,3.965036679
80.05,3.965401735
80.1,3.965766772
80.15,3.966131789
80.2,3.966496787
80.25,3.966861766
80.3,3.967226726
80.35,3.967591666
80.4,3.967956588
80.45,3.96832149
80.5,3.968686373
80.55,3.969051236
80.6,3.969416081
80.65,3.969780907
80.7,3.970145713
80.75,3.9705105
80.8,3.970875269
80.85,3.971240018
80.9,3.971604749
80.95,3.97196946
81,3.972334153
81.05,3.972698826
81.1,3.973063481
81.15,3.973428117
81.2,3.973792734
81.25,3.974157332
81.3,3.974521911
81.35,3.974886472
81.4,3.975251014
81.45,3.975615537
81.5,3.975980041
81.55,3.976344527
81.6,3.976708994
81.65,3.977073443
81.7,3.977437872
81.75,3.977802284
81.8,3.978166676
81.85,3.97853105
81.9,3.978895406
81.95,3.979259743
82,3.979624061
82.05,3.979988362
82.1,3.980352643
82.15,3.980716906
82.2,3.981081151
82.25,3.981445378
82.3,3.981809586
82.35,3.982173775
82.4,3.982537947
82.45,3.9829021
82.5,3.983266235
82.55,3.983630351
82.6,3.98399445
82.65,3.98435853
82.7,3.984722592
82.75,3.985086636
82.8,3.985450661
82.85,3.985814669
82.9,3.986178658
82.95,3.98654263
83,3.986906583
83.05,3.987270518
83.1,3.987634435
83.15,3.987998334
83.2,3.988362216
83.25,3.988726079
83.3,3.989089924
83.35,3.989453752
83.4,3.989817561
83.45,3.990181353
83.5,3.990545127
83.55,3.990908883
83.6,3.991272621
83.65,3.991636341
83.7,3.992000044
83.75,3.992363729
83.8,3.992727396
83.85,3.993091045
83.9,3.993454677
83.95,3.993818291
84,3.994181888
84.05,3.994545466
84.1,3.994909028
84.15,3.995272571
84.2,3.995636097
84.25,3.995999606
84.3,3.996363097
84.35,3.99672657
84.4,3.997090026
84.45,3.997453465
84.5,3.997816886
84.55,3.998180289
84.6,3.998543676
84.65,3.998907044
84.7,3.999270396
84.75,3.99963373
84.8,3.999997047
84.85,4.000360346
84.9,4.000723629
84.95,4.001086894
85,4.001450141
85.05,4.001813372
85.1,4.002176585
85.15,4.002539781
85.2,4.00290296
85.25,4.003266122
85.3,4.003629267
85.35,4.003992394
85.4,4.004355504
85.45,4.004718598
85.5,4.005081674
85.55,4.005444733
85.6,4.005807776
85.65,4.006170801
85.7,4.006533809
85.75,4.006896801
85.8,4.007259775
85.85,4.007622733
85.9,4.007985673
85.95,4.008348597
86,4.008711504
86.05,4.009074394
86.1,4.009437267
86.15,4.009800123
86.2,4.010162963
86.25,4.010525786
86.3,4.010888592
86.35,4.011251381
86.4,4.011614154
86.45,4.01197691
86.5,4.012339649
86.55,4.012702372
86.6,4.013065078
86.65,4.013427767
86.7,4.01379044
86.75,4.014153096
86.8,4.014515736
86.85,4.014878359
86.9,4.015240966
86.95,4.015603556
87,4.015966129
87.05,4.016328686
87.1,4.016691227
87.15,4.017053751
87.2,4.017416259
87.25,4.017778751
87.3,4.018141226
87.35,4.018503684
87.4,4.018866127
87.45,4.019228553
87.5,4.019590963
87.55,4.019953356
87.6,4.020315733
87.65,4.020678094
87.7,4.021040439
87.75,4.021402767
87.8,4.02176508
87.85,4.022127376
87.9,4.022489656
87.95,4.02285192
88,4.023214167
88.05,4.023576399
88.1,4.023938614
88.15,4.024300814
88.2,4.024662997
88.25,4.025025165
88.3,4.025387316
88.35,4.025749451
88.4,4.026111571
88.45,4.026473674
88.5,4.026835761
88.55,4.027197833
88.6,4.027559888
88.65,4.027921928
88.7,4.028283952
88.75,4.02864596
88.8,4.029007952
88.85,4.029369928
88.9,4.029731889
88.95,4.030093833
89,4.030455762
89.05,4.030817676
89.1,4.031179573
89.15,4.031541455
89.2,4.031903321
89.25,4.032265171
89.3,4.032627006
89.35,4.032988825
89.4,4.033350628
89.45,4.033712416
89.5,4.034074188
89.55,4.034435944
89.6,4.034797685
89.65,4.035159411
89.7,4.03552112
89.75,4.035882815
89.8,4.036244494
89.85,4.036606157
89.9,4.036967805
89.95,4.037329437
90,4.037691054
90.05,4.038052656
90.1,4.038414242
90.15,4.038775813
90.2,4.039137368
90.25,4.039498909
90.3,4.039860433
90.35,4.040221943
90.4,4.040583437
90.45,4.040944916
90.5,4.041306379
90.55,4.041667828
90.6,4.042029261
90.65,4.042390679
90.7,4.042752081
90.75,4.043113469
90.8,4.043474841
90.85,4.043836198
90.9,4.04419754
90.95,4.044558867
91,4.044920179
91.05,4.045281475
91.1,4.045642757
91.15,4.046004024
91.2,4.046365275
91.25,4.046726512
91.3,4.047087733
91.35,4.04744894
91.4,4.047810131
91.45,4.048171308
91.5,4.048532469
91.55,4.048893616
91.6,4.049254748
91.65,4.049615864
91.7,4.049976966
91.75,4.050338053
91.8,4.050699126
91.85,4.051060183
91.9,4.051421226
91.95,4.051782254
92,4.052143267
92.05,4.052504265
92.1,4.052865248
92.15,4.053226217
92.2,4.053587171
92.25,4.05394811
92.3,4.054309035
92.35,4.054669945
92.4,4.05503084
92.45,4.055391721
92.5,4.055752587
92.55,4.056113438
92.6,4.056474275
92.65,4.056835097
92.7,4.057195904
92.75,4.057556697
92.8,4.057917476
92.85,4.05827824
92.9,4.058638989
92.95,4.058999724
93,4.059360445
93.05,4.059721151
93.1,4.060081842
93.15,4.060442519
93.2,4.060803182
93.25,4.06116383
93.3,4.061524464
93.35,4.061885084
93.4,4.062245689
93.45,4.06260628
93.5,4.062966856
93.55,4.063327419
93.6,4.063687967
93.65,4.0640485
93.7,4.064409019
93.75,4.064769525
93.8,4.065130015
93.85,4.065490492
93.9,4.065850954
93.95,4.066211403
94,4.066571837
94.05,4.066932256
94.1,4.067292662
94.15,4.067653054
94.2,4.068013431
94.25,4.068373794
94.3,4.068734144
94.35,4.069094479
94.4,4.0694548
94.45,4.069815107
94.5,4.0701754
94.55,4.070535679
94.6,4.070895944
94.65,4.071256195
94.7,4.071616432
94.75,4.071976655
94.8,4.072336864
94.85,4.072697059
94.9,4.073057241
94.95,4.073417408
95,4.073777561
95.05,4.074137701
95.1,4.074497827
95.15,4.074857938
95.2,4.075218036
95.25,4.075578121
95.3,4.075938191
95.35,4.076298248
95.4,4.07665829
95.45,4.077018319
95.5,4.077378335
95.55,4.077738336
95.6,4.078098324
95.65,4.078458298
95.7,4.078818259
95.75,4.079178206
95.8,4.079538139
95.85,4.079898058
95.9,4.080257964
95.95,4.080617856
96,4.080977735
96.05,4.0813376
96.1,4.081697451
96.15,4.082057289
96.2,4.082417113
96.25,4.082776924
96.3,4.083136721
96.35,4.083496505
96.4,4.083856275
96.45,4.084216031
96.5,4.084575775
96.55,4.084935504
96.6,4.085295221
96.65,4.085654924
96.7,4.086014613
96.75,4.086374289
96.8,4.086733952
96.85,4.087093601
96.9,4.087453237
96.95,4.08781286
97,4.088172469
97.05,4.088532065
97.1,4.088891647
97.15,4.089251216
97.2,4.089610772
97.25,4.089970315
97.3,4.090329845
97.35,4.090689361
97.4,4.091048864
97.45,4.091408354
97.5,4.09176783
97.55,4.092127294
97.6,4.092486744
97.65,4.092846181
97.7,4.093205605
97.75,4.093565015
97.8,4.093924413
97.85,4.094283798
97.9,4.094643169
97.95,4.095002527
98,4.095361873
98.05,4.095721205
98.1,4.096080524
98.15,4.09643983
98.2,4.096799123
98.25,4.097158403
98.3,4.09751767
98.35,4.097876924
98.4,4.098236165
98.45,4.098595394
98.5,4.098954609
98.55,4.099313811
98.6,4.099673
98.65,4.100032177
98.7,4.10039134
98.75,4.100750491
98.8,4.101109629
98.85,4.101468754
98.9,4.101827866
98.95,4.102186965
99,4.102546052
99.05,4.102905125
99.1,4.103264186
99.15,4.103623234
99.2,4.10398227
99.25,4.104341292
99.3,4.104700302
99.35,4.105059299
99.4,4.105418284
99.45,4.105777255
99.5,4.106136214
99.55,4.106495161
99.6,4.106854094
99.65,4.107213015
99.7,4.107571924
99.75,4.107930819
99.8,4.108289702
99.85,4.108648573
99.9,4.109007431
99.95,4.109366276
100,4.109725109
100.05,4.110083929
100.1,4.110442737
100.15,4.110801532
100.2,4.111160314
100.25,4.111519085
100.3,4.111877842
100.35,4.112236587
100.4,4.11259532
100.45,4.11295404
100.5,4.113312748
100.55,4.113671443
100.6,4.114030126
100.65,4.114388797
100.7,4.114747455
100.75,4.1151061
100.8,4.115464734
100.85,4.115823355
100.9,4.116181963
100.95,4.11654056
101,4.116899144
101.05,4.117257715
101.1,4.117616275
101.15,4.117974822
101.2,4.118333356
101.25,4.118691879
101.3,4.119050389
101.35,4.119408887
101.4,4.119767373
101.45,4.120125847
101.5,4.120484308
101.55,4.120842757
101.6,4.121201194
101.65,4.121559619
101.7,4.121918032
101.75,4.122276432
101.8,4.12263482
101.85,4.122993197
101.9,4.123351561
101.95,4.123709913
102,4.124068253
102.05,4.124426581
102.1,4.124784896
102.15,4.1251432
102.2,4.125501492
102.25,4.125859771
102.3,4.126218039
102.35,4.126576295
102.4,4.126934538
102.45,4.12729277
102.5,4.12765099
102.55,4.128009197
102.6,4.128367393
102.65,4.128725577
102.7,4.129083749
102.75,4.129441909
102.8,4.129800057
102.85,4.130158193
102.9,4.130516317
102.95,4.13087443
103,4.13123253
103.05,4.131590619
103.1,4.131948696
103.15,4.132306761
103.2,4.132664814
103.25,4.133022855
103.3,4.133380885
103.35,4.133738903
103.4,4.134096909
103.45,4.134454903
103.5,4.134812886
103.55,4.135170856
103.6,4.135528815
103.65,4.135886763
103.7,4.136244698
103.75,4.136602622
103.8,4.136960535
103.85,4.137318435
103.9,4.137676324
103.95,4.138034202
104,4.138392067
104.05,4.138749921
104.1,4.139107764
104.15,4.139465594
104.2,4.139823414
104.25,4.140181221
104.3,4.140539017
104.35,4.140896802
104.4,4.141254575
104.45,4.141612336
104.5,4.141970086
104.55,4.142327824
104.6,4.142685551
104.65,4.143043267
104.7,4.14340097
104.75,4.143758663
104.8,4.144116344
104.85,4.144474013
104.9,4.144831671
104.95,4.145189318
105,4.145546953
105.05,4.145904577
105.1,4.146262189
105.15,4.14661979
105.2,4.146977379
105.25,4.147334958
105.3,4.147692524
105.35,4.14805008
105.4,4.148407624
105.45,4.148765157
105.5,4.149122678
105.55,4.149480189
105.6,4.149837688
105.65,4.150195175
105.7,4.150552652
105.75,4.150910117
105.8,4.15126757
105.85,4.151625013
105.9,4.151982444
105.95,4.152339864
106,4.152697273
106.05,4.153054671
106.1,4.153412058
106.15,4.153769433
106.2,4.154126797
106.25,4.15448415
106.3,4.154841492
106.35,4.155198823
106.4,4.155556142
106.45,4.155913451
106.5,4.156270748
106.55,4.156628034
106.6,4.156985309
106.65,4.157342574
106.7,4.157699827
106.75,4.158057069
106.8,4.158414299
106.85,4.158771519
106.9,4.159128728
106.95,4.159485926
107,4.159843113
107.05,4.160200289
107.1,4.160557453
107.15,4.160914607
107.2,4.16127175
107.25,4.161628882
107.3,4.161986003
107.35,4.162343113
107.4,4.162700212
107.45,4.1630573
107.5,4.163414378
107.55,4.163771444
107.6,4.1641285
107.65,4.164485544
107.7,4.164842578
107.75,4.165199601
107.8,4.165556613
107.85,4.165913614
107.9,4.166270605
107.95,4.166627584
108,4.166984553
108.05,4.167341511
108.1,4.167698458
108.15,4.168055394
108.2,4.16841232
108.25,4.168769235
108.3,4.169126139
108.35,4.169483032
108.4,4.169839915
108.45,4.170196787
108.5,4.170553648
108.55,4.170910498
108.6,4.171267338
108.65,4.171624167
108.7,4.171980986
108.75,4.172337794
108.8,4.172694591
108.85,4.173051377
108.9,4.173408153
108.95,4.173764918
109,4.174121673
109.05,4.174478417
109.1,4.17483515
109.15,4.175191873
109.2,4.175548585
109.25,4.175905287
109.3,4.176261978
109.35,4.176618659
109.4,4.176975329
109.45,4.177331988
109.5,4.177688637
109.55,4.178045276
109.6,4.178401904
109.65,4.178758521
109.7,4.179115128
109.75,4.179471725
109.8,4.179828311
109.85,4.180184886
109.9,4.180541452
109.95,4.180898006
110,4.181254551
110.05,4.181611084
110.1,4.181967608
110.15,4.182324121
110.2,4.182680624
110.25,4.183037116
110.3,4.183393598
110.35,4.183750069
110.4,4.184106531
110.45,4.184462982
110.5,4.184819422
110.55,4.185175852
110.6,4.185532272
110.65,4.185888682
110.7,4.186245081
110.75,4.18660147
110.8,4.186957849
110.85,4.187314217
110.9,4.187670575
110.95,4.188026923
111,4.188383261
111.05,4.188739588
111.1,4.189095906
111.15,4.189452213
111.2,4.18980851
111.25,4.190164796
111.3,4.190521073
111.35,4.190877339
111.4,4.191233595
111.45,4.191589841
111.5,4.191946077
111.55,4.192302302
111.6,4.192658518
111.65,4.193014723
111.7,4.193370918
111.75,4.193727103
111.8,4.194083278
111.85,4.194439443
111.9,4.194795598
111.95,4.195151743
112,4.195507878
112.05,4.195864002
112.1,4.196220117
112.15,4.196576222
112.2,4.196932316
112.25,4.197288401
112.3,4.197644475
112.35,4.19800054
112.4,4.198356594
112.45,4.198712639
112.5,4.199068673
112.55,4.199424698
112.6,4.199780712
112.65,4.200136717
112.7,4.200492712
112.75,4.200848697
112.8,4.201204672
112.85,4.201560637
112.9,4.201916592
112.95,4.202272537
113,4.202628472
113.05,4.202984397
113.1,4.203340313
113.15,4.203696219
113.2,4.204052114
113.25,4.204408
113.3,4.204763876
113.35,4.205119743
113.4,4.205475599
113.45,4.205831446
113.5,4.206187283
113.55,4.20654311
113.6,4.206898927
113.65,4.207254734
113.7,4.207610532
113.75,4.20796632
113.8,4.208322098
113.85,4.208677867
113.9,4.209033625
113.95,4.209389374
114,4.209745114
114.05,4.210100843
114.1,4.210456563
114.15,4.210812273
114.2,4.211167974
114.25,4.211523664
114.3,4.211879346
114.35,4.212235017
114.4,4.212590679
114.45,4.212946331
114.5,4.213301973
114.55,4.213657606
114.6,4.21401323
114.65,4.214368843
114.7,4.214724447
114.75,4.215080042
114.8,4.215435627
114.85,4.215791202
114.9,4.216146768
114.95,4.216502324
115,4.21685787
115.05,4.217213407
115.1,4.217568935
115.15,4.217924453
115.2,4.218279961
115.25,4.21863546
115.3,4.21899095
115.35,4.21934643
115.4,4.2197019
115.45,4.220057361
115.5,4.220412813
115.55,4.220768255
115.6,4.221123687
115.65,4.22147911
115.7,4.221834524
115.75,4.222189928
115.8,4.222545323
115.85,4.222900709
115.9,4.223256085
115.95,4.223611451
116,4.223966808
116.05,4.224322156
116.1,4.224677495
116.15,4.225032824
116.2,4.225388143
116.25,4.225743454
116.3,4.226098755
116.35,4.226454046
116.4,4.226809329
116.45,4.227164602
116.5,4.227519865
116.55,4.22787512
116.6,4.228230365
116.65,4.228585601
116.7,4.228940827
116.75,4.229296045
116.8,4.229651253
116.85,4.230006451
116.9,4.230361641
116.95,4.230716821
117,4.231071992
117.05,4.231427154
117.1,4.231782306
117.15,4.23213745
117.2,4.232492584
117.25,4.232847709
117.3,4.233202824
117.35,4.233557931
117.4,4.233913028
117.45,4.234268117
117.5,4.234623196
117.55,4.234978266
117.6,4.235333326
117.65,4.235688378
117.7,4.23604342
117.75,4.236398454
117.8,4.236753478
117.85,4.237108493
117.9,4.237463499
117.95,4.237818496
118,4.238173484
118.05,4.238528463
118.1,4.238883433
118.15,4.239238393
118.2,4.239593345
118.25,4.239948288
118.3,4.240303221
118.35,4.240658146
118.4,4.241013061
118.45,4.241367968
118.5,4.241722865
118.55,4.242077754
118.6,4.242432633
118.65,4.242787504
118.7,4.243142365
118.75,4.243497218
118.8,4.243852061
118.85,4.244206896
118.9,4.244561721
118.95,4.244916538
119,4.245271346
119.05,4.245626145
119.1,4.245980935
119.15,4.246335716
119.2,4.246690488
119.25,4.247045251
119.3,4.247400006
119.35,4.247754751
119.4,4.248109488
119.45,4.248464216
119.5,4.248818934
119.55,4.249173644
119.6,4.249528346
119.65,4.249883038
119.7,4.250237721
119.75,4.250592396
119.8,4.250947062
119.85,4.251301719
119.9,4.251656367
119.95,4.252011007
120,4.252365638
120.05,4.252720259
120.1,4.253074873
120.15,4.253429477
120.2,4.253784073
120.25,4.254138659
120.3,4.254493238
120.35,4.254847807
120.4,4.255202368
120.45,4.255556919
120.5,4.255911463
120.55,4.256265997
120.6,4.256620523
120.65,4.25697504
120.7,4.257329548
120.75,4.257684048
120.8,4.258038539
120.85,4.258393022
120.9,4.258747495
120.95,4.25910196
121,4.259456417
121.05,4.259810865
121.1,4.260165304
121.15,4.260519734
121.2,4.260874156
121.25,4.26122857
121.3,4.261582974
121.35,4.261937371
121.4,4.262291758
121.45,4.262646137
121.5,4.263000507
121.55,4.263354869
121.6,4.263709222
121.65,4.264063567
121.7,4.264417903
121.75,4.264772231
121.8,4.26512655
121.85,4.265480861
121.9,4.265835163
121.95,4.266189456
122,4.266543741
122.05,4.266898018
122.1,4.267252286
122.15,4.267606545
122.2,4.267960796
122.25,4.268315039
122.3,4.268669273
122.35,4.269023499
122.4,4.269377716
122.45,4.269731925
122.5,4.270086125
122.55,4.270440317
122.6,4.2707945
122.65,4.271148675
122.7,4.271502842
122.75,4.271857
122.8,4.27221115
122.85,4.272565292
122.9,4.272919425
122.95,4.273273549
123,4.273627666
123.05,4.273981774
123.1,4.274335873
123.15,4.274689965
123.2,4.275044047
123.25,4.275398122
123.3,4.275752188
123.35,4.276106246
123.4,4.276460296
123.45,4.276814337
123.5,4.27716837
123.55,4.277522395
123.6,4.277876411
123.65,4.278230419
123.7,4.278584419
123.75,4.278938411
123.8,4.279292394
123.85,4.279646369
123.9,4.280000336
123.95,4.280354294
124,4.280708245
124.05,4.281062187
124.1,4.281416121
124.15,4.281770046
124.2,4.282123964
124.25,4.282477873
124.3,4.282831774
124.35,4.283185667
124.4,4.283539552
124.45,4.283893428
124.5,4.284247296
124.55,4.284601157
124.6,4.284955009
124.65,4.285308852
124.7,4.285662688
124.75,4.286016516
124.8,4.286370335
124.85,4.286724146
124.9,4.287077949
124.95,4.287431745
125,4.287785531
125.05,4.28813931
125.1,4.288493081
125.15,4.288846844
125.2,4.289200598
125.25,4.289554345
125.3,4.289908083
125.35,4.290261814
125.4,4.290615536
125.45,4.29096925
125.5,4.291322956
125.55,4.291676654
125.6,4.292030345
125.65,4.292384027
125.7,4.292737701
125.75,4.293091367
125.8,4.293445025
125.85,4.293798675
125.9,4.294152317
125.95,4.294505951
126,4.294859577
126.05,4.295213195
126.1,4.295566806
126.15,4.295920408
126.2,4.296274002
126.25,4.296627588
126.3,4.296981167
126.35,4.297334737
126.4,4.2976883
126.45,4.298041854
126.5,4.298395401
126.55,4.298748939
126.6,4.29910247
126.65,4.299455993
126.7,4.299809508
126.75,4.300163015
126.8,4.300516515
126.85,4.300870006
126.9,4.301223489
126.95,4.301576965
127,4.301930433
127.05,4.302283893
127.1,4.302637345
127.15,4.302990789
127.2,4.303344226
127.25,4.303697654
127.3,4.304051075
127.35,4.304404488
127.4,4.304757893
127.45,4.30511129
127.5,4.30546468
127.55,4.305818062
127.6,4.306171435
127.65,4.306524802
127.7,4.30687816
127.75,4.307231511
127.8,4.307584854
127.85,4.307938189
127.9,4.308291516
127.95,4.308644836
128,4.308998148
128.05,4.309351452
128.1,4.309704748
128.15,4.310058037
128.2,4.310411318
128.25,4.310764591
128.3,4.311117857
128.35,4.311471115
128.4,4.311824365
128.45,4.312177607
128.5,4.312530842
128.55,4.312884069
128.6,4.313237289
128.65,4.313590501
128.7,4.313943705
128.75,4.314296901
128.8,4.31465009
128.85,4.315003271
128.9,4.315356445
128.95,4.315709611
129,4.316062769
129.05,4.31641592
129.1,4.316769063
129.15,4.317122199
129.2,4.317475327
129.25,4.317828447
129.3,4.31818156
129.35,4.318534665
129.4,4.318887763
129.45,4.319240853
129.5,4.319593935
129.55,4.31994701
129.6,4.320300078
129.65,4.320653138
129.7,4.32100619
129.75,4.321359235
129.8,4.321712272
129.85,4.322065302
129.9,4.322418324
129.95,4.322771339
130,4.323124346
130.05,4.323477345
130.1,4.323830338
130.15,4.324183322
130.2,4.3245363
130.25,4.324889269
130.3,4.325242232
130.35,4.325595186
130.4,4.325948134
130.45,4.326301074
130.5,4.326654006
130.55,4.327006931
130.6,4.327359849
130.65,4.327712759
130.7,4.328065662
130.75,4.328418557
130.8,4.328771445
130.85,4.329124325
130.9,4.329477198
130.95,4.329830064
131,4.330182922
131.05,4.330535773
131.1,4.330888617
131.15,4.331241453
131.2,4.331594282
131.25,4.331947103
131.3,4.332299917
131.35,4.332652724
131.4,4.333005523
131.45,4.333358315
131.5,4.3337111
131.55,4.334063877
131.6,4.334416647
131.65,4.33476941
131.7,4.335122166
131.75,4.335474914
131.8,4.335827654
131.85,4.336180388
131.9,4.336533114
131.95,4.336885833
132,4.337238545
132.05,4.337591249
132.1,4.337943946
132.15,4.338296636
132.2,4.338649318
132.25,4.339001994
132.3,4.339354662
132.35,4.339707322
132.4,4.340059976
132.45,4.340412622
132.5,4.340765261
132.55,4.341117893
132.6,4.341470518
132.65,4.341823135
132.7,4.342175746
132.75,4.342528349
132.8,4.342880945
132.85,4.343233533
132.9,4.343586115
132.95,4.343938689
133,4.344291256
133.05,4.344643816
133.1,4.344996369
133.15,4.345348915
133.2,4.345701453
133.25,4.346053984
133.3,4.346406509
133.35,4.346759026
133.4,4.347111536
133.45,4.347464038
133.5,4.347816534
133.55,4.348169023
133.6,4.348521504
133.65,4.348873978
133.7,4.349226446
133.75,4.349578906
133.8,4.349931359
133.85,4.350283805
133.9,4.350636244
133.95,4.350988675
134,4.3513411
134.05,4.351693518
134.1,4.352045929
134.15,4.352398332
134.2,4.352750729
134.25,4.353103118
134.3,4.353455501
134.35,4.353807876
134.4,4.354160244
134.45,4.354512606
134.5,4.35486496
134.55,4.355217307
134.6,4.355569648
134.65,4.355921981
134.7,4.356274307
134.75,4.356626627
134.8,4.356978939
134.85,4.357331245
134.9,4.357683543
134.95,4.358035834
135,4.358388119
135.05,4.358740396
135.1,4.359092667
135.15,4.359444931
135.2,4.359797187
135.25,4.360149437
135.3,4.36050168
135.35,4.360853916
135.4,4.361206144
135.45,4.361558366
135.5,4.361910582
135.55,4.36226279
135.6,4.362614991
135.65,4.362967185
135.7,4.363319373
135.75,4.363671553
135.8,4.364023727
135.85,4.364375894
135.9,4.364728054
135.95,4.365080207
136,4.365432353
136.05,4.365784493
136.1,4.366136625
136.15,4.366488751
136.2,4.36684087
136.25,4.367192982
136.3,4.367545087
136.35,4.367897185
136.4,4.368249276
136.45,4.368601361
136.5,4.368953439
136.55,4.36930551
136.6,4.369657574
136.65,4.370009632
136.7,4.370361682
136.75,4.370713726
136.8,4.371065763
136.85,4.371417794
136.9,4.371769817
136.95,4.372121834
137,4.372473844
137.05,4.372825847
137.1,4.373177843
137.15,4.373529833
137.2,4.373881816
137.25,4.374233792
137.3,4.374585762
137.35,4.374937724
137.4,4.37528968
137.45,4.37564163
137.5,4.375993572
137.55,4.376345508
137.6,4.376697437
137.65,4.37704936
137.7,4.377401276
137.75,4.377753185
137.8,4.378105087
137.85,4.378456983
137.9,4.378808872
137.95,4.379160754
138,4.37951263
138.05,4.379864499
138.1,4.380216361
138.15,4.380568217
138.2,4.380920066
138.25,4.381271908
138.3,4.381623744
138.35,4.381975573
138.4,4.382327395
138.45,4.382679211
138.5,4.38303102
138.55,4.383382823
138.6,4.383734619
138.65,4.384086409
138.7,4.384438191
138.75,4.384789967
138.8,4.385141737
138.85,4.3854935
138.9,4.385845257
138.95,4.386197006
139,4.38654875
139.05,4.386900486
139.1,4.387252216
139.15,4.38760394
139.2,4.387955657
139.25,4.388307368
139.3,4.388659071
139.35,4.389010769
139.4,4.38936246
139.45,4.389714144
139.5,4.390065822
139.55,4.390417493
139.6,4.390769158
139.65,4.391120816
139.7,4.391472468
139.75,4.391824113
139.8,4.392175752
139.85,4.392527384
139.9,4.392879009
139.95,4.393230629
140,4.393582241
140.05,4.393933848
140.1,4.394285448
140.15,4.394637041
140.2,4.394988628
140.25,4.395340208
140.3,4.395691782
140.35,4.39604335
140.4,4.396394911
140.45,4.396746465
140.5,4.397098013
140.55,4.397449555
140.6,4.39780109
140.65,4.398152619
140.7,4.398504142
140.75,4.398855658
140.8,4.399207168
140.85,4.399558671
140.9,4.399910168
140.95,4.400261658
141,4.400613142
141.05,4.40096462
141.1,4.401316091
141.15,4.401667556
141.2,4.402019014
141.25,4.402370467
141.3,4.402721912
141.35,4.403073352
141.4,4.403424785
141.45,4.403776212
141.5,4.404127632
141.55,4.404479046
141.6,4.404830454
141.65,4.405181855
141.7,4.40553325
141.75,4.405884639
141.8,4.406236021
141.85,4.406587397
141.9,4.406938767
141.95,4.407290131
142,4.407641488
142.05,4.407992839
142.1,4.408344183
142.15,4.408695521
142.2,4.409046853
142.25,4.409398179
142.3,4.409749499
142.35,4.410100812
142.4,4.410452119
142.45,4.410803419
142.5,4.411154714
142.55,4.411506002
142.6,4.411857283
142.65,4.412208559
142.7,4.412559828
142.75,4.412911092
142.8,4.413262348
142.85,4.413613599
142.9,4.413964844
142.95,4.414316082
143,4.414667314
143.05,4.41501854
143.1,4.415369759
143.15,4.415720973
143.2,4.41607218
143.25,4.416423381
143.3,4.416774576
143.35,4.417125764
143.4,4.417476947
143.45,4.417828123
143.5,4.418179293
143.55,4.418530457
143.6,4.418881615
143.65,4.419232766
143.7,4.419583912
143.75,4.419935051
143.8,4.420286184
143.85,4.420637311
143.9,4.420988432
143.95,4.421339547
144,4.421690655
144.05,4.422041758
144.1,4.422392854
144.15,4.422743944
144.2,4.423095028
144.25,4.423446106
144.3,4.423797178
144.35,4.424148244
144.4,4.424499304
144.45,4.424850357
144.5,4.425201405
144.55,4.425552446
144.6,4.425903481
144.65,4.426254511
144.7,4.426605534
144.75,4.426956551
144.8,4.427307562
144.85,4.427658567
144.9,4.428009566
144.95,4.428360559
145,4.428711546
145.05,4.429062526
145.1,4.429413501
145.15,4.42976447
145.2,4.430115433
145.25,4.430466389
145.3,4.43081734
145.35,4.431168284
145.4,4.431519223
145.45,4.431870156
145.5,4.432221082
145.55,4.432572003
145.6,4.432922917
145.65,4.433273826
145.7,4.433624729
145.75,4.433975625
145.8,4.434326516
145.85,4.4346774
145.9,4.435028279
145.95,4.435379152
146,4.435730019
146.05,4.436080879
146.1,4.436431734
146.15,4.436782583
146.2,4.437133426
146.25,4.437484263
146.3,4.437835094
146.35,4.438185919
146.4,4.438536738
146.45,4.438887551
146.5,4.439238359
146.55,4.43958916
146.6,4.439939956
146.65,4.440290745
146.7,4.440641529
146.75,4.440992307
146.8,4.441343078
146.85,4.441693844
146.9,4.442044604
146.95,4.442395359
147,4.442746107
147.05,4.443096849
147.1,4.443447586
147.15,4.443798316
147.2,4.444149041
147.25,4.44449976
147.3,4.444850473
147.35,4.44520118
147.4,4.445551881
147.45,4.445902577
147.5,4.446253267
147.55,4.44660395
147.6,4.446954628
147.65,4.4473053
147.7,4.447655967
147.75,4.448006627
147.8,4.448357282
147.85,4.448707931
147.9,4.449058574
147.95,4.449409211
148,4.449759842
148.05,4.450110468
148.1,4.450461087
148.15,4.450811701
148.2,4.45116231
148.25,4.451512912
148.3,4.451863509
148.35,4.452214099
148.4,4.452564685
148.45,4.452915264
148.5,4.453265837
148.55,4.453616405
148.6,4.453966967
148.65,4.454317523
148.7,4.454668074
148.75,4.455018618
148.8,4.455369157
148.85,4.455719691
148.9,4.456070218
148.95,4.45642074
149,4.456771256
149.05,4.457121766
149.1,4.457472271
149.15,4.45782277
149.2,4.458173263
149.25,4.45852375
149.3,4.458874232
149.35,4.459224708
149.4,4.459575178
149.45,4.459925643
149.5,4.460276102
149.55,4.460626555
149.6,4.460977003
149.65,4.461327445
149.7,4.461677881
149.75,4.462028311
149.8,4.462378736
149.85,4.462729155
149.9,4.463079569
149.95,4.463429977
150,4.463780379
150.05,4.464130776
150.1,4.464481167
150.15,4.464831552
150.2,4.465181931
150.25,4.465532305
150.3,4.465882674
150.35,4.466233037
150.4,4.466583394
150.45,4.466933745
150.5,4.467284091
150.55,4.467634431
150.6,4.467984766
150.65,4.468335095
150.7,4.468685418
150.75,4.469035736
150.8,4.469386048
150.85,4.469736355
150.9,4.470086656
150.95,4.470436952
151,4.470787242
151.05,4.471137526
151.1,4.471487805
151.15,4.471838078
151.2,4.472188345
151.25,4.472538607
151.3,4.472888864
151.35,4.473239115
151.4,4.47358936
151.45,4.4739396
151.5,4.474289834
151.55,4.474640063
151.6,4.474990286
151.65,4.475340504
151.7,4.475690716
151.75,4.476040923
151.8,4.476391124
151.85,4.476741319
151.9,4.477091509
151.95,4.477441694
152,4.477791873
152.05,4.478142047
152.1,4.478492215
152.15,4.478842377
152.2,4.479192534
152.25,4.479542686
152.3,4.479892832
152.35,4.480242972
152.4,4.480593107
152.45,4.480943237
152.5,4.481293361
152.55,4.48164348
152.6,4.481993593
152.65,4.482343701
152.7,4.482693803
152.75,4.4830439
152.8,4.483393991
152.85,4.483744077
152.9,4.484094158
152.95,4.484444233
153,4.484794302
153.05,4.485144366
153.1,4.485494425
153.15,4.485844479
153.2,4.486194526
153.25,4.486544569
153.3,4.486894606
153.35,4.487244638
153.4,4.487594664
153.45,4.487944685
153.5,4.4882947
153.55,4.48864471
153.6,4.488994715
153.65,4.489344714
153.7,4.489694708
153.75,4.490044696
153.8,4.490394679
153.85,4.490744657
153.9,4.491094629
153.95,4.491444596
154,4.491794558
154.05,4.492144514
154.1,4.492494465
154.15,4.492844411
154.2,4.493194351
154.25,4.493544286
154.3,4.493894215
154.35,4.494244139
154.4,4.494594058
154.45,4.494943971
154.5,4.495293879
154.55,4.495643782
154.6,4.49599368
154.65,4.496343572
154.7,4.496693459
154.75,4.49704334
154.8,4.497393216
154.85,4.497743087
154.9,4.498092953
154.95,4.498442813
155,4.498792668
155.05,4.499142517
155.1,4.499492362
155.15,4.499842201
155.2,4.500192035
155.25,4.500541863
155.3,4.500891686
155.35,4.501241504
155.4,4.501591317
155.45,4.501941124
155.5,4.502290927
155.55,4.502640723
155.6,4.502990515
155.65,4.503340301
155.7,4.503690083
155.75,4.504039858
155.8,4.504389629
155.85,4.504739394
155.9,4.505089155
155.95,4.505438909
156,4.505788659
156.05,4.506138404
156.1,4.506488143
156.15,4.506837877
156.2,4.507187606
156.25,4.507537329
156.3,4.507887047
156.35,4.508236761
156.4,4.508586468
156.45,4.508936171
156.5,4.509285869
156.55,4.509635561
156.6,4.509985248
156.65,4.51033493
156.7,4.510684607
156.75,4.511034278
156.8,4.511383945
156.85,4.511733606
156.9,4.512083262
156.95,4.512432913
157,4.512782559
157.05,4.513132199
157.1,4.513481835
157.15,4.513831465
157.2,4.51418109
157.25,4.51453071
157.3,4.514880325
157.35,4.515229934
157.4,4.515579539
157.45,4.515929138
157.5,4.516278732
157.55,4.516628322
157.6,4.516977906
157.65,4.517327484
157.7,4.517677058
157.75,4.518026627
157.8,4.51837619
157.85,4.518725749
157.9,4.519075302
157.95,4.51942485
158,4.519774393
158.05,4.520123931
158.1,4.520473464
158.15,4.520822992
158.2,4.521172514
158.25,4.521522032
158.3,4.521871544
158.35,4.522221052
158.4,4.522570554
158.45,4.522920052
158.5,4.523269544
158.55,4.523619031
158.6,4.523968513
158.65,4.52431799
158.7,4.524667462
158.75,4.525016929
158.8,4.525366391
158.85,4.525715848
158.9,4.526065299
158.95,4.526414746
159,4.526764188
159.05,4.527113625
159.1,4.527463056
159.15,4.527812483
159.2,4.528161904
159.25,4.528511321
159.3,4.528860732
159.35,4.529210139
159.4,4.52955954
159.45,4.529908937
159.5,4.530258328
159.55,4.530607715
159.6,4.530957096
159.65,4.531306473
159.7,4.531655844
159.75,4.532005211
159.8,4.532354572
159.85,4.532703929
159.9,4.53305328
159.95,4.533402627
160,4.533751968
160.05,4.534101305
160.1,4.534450637
160.15,4.534799963
160.2,4.535149285
160.25,4.535498602
160.3,4.535847914
160.35,4.53619722
160.4,4.536546522
160.45,4.536895819
160.5,4.537245111
160.55,4.537594398
160.6,4.53794368
160.65,4.538292958
160.7,4.53864223
160.75,4.538991497
160.8,4.539340759
160.85,4.539690017
160.9,4.540039269
160.95,4.540388517
161,4.54073776
161.05,4.541086997
161.1,4.54143623
161.15,4.541785458
161.2,4.542134681
161.25,4.5424839
161.3,4.542833113
161.35,4.543182321
161.4,4.543531525
161.45,4.543880723
161.5,4.544229917
161.55,4.544579106
161.6,4.54492829
161.65,4.545277469
161.7,4.545626643
161.75,4.545975812
161.8,4.546324977
161.85,4.546674136
161.9,4.547023291
161.95,4.547372441
162,4.547721586
162.05,4.548070726
162.1,4.548419862
162.15,4.548768992
162.2,4.549118118
162.25,4.549467238
162.3,4.549816354
162.35,4.550165466
162.4,4.550514572
162.45,4.550863673
162.5,4.55121277
162.55,4.551561862
162.6,4.551910949
162.65,4.552260031
162.7,4.552609108
162.75,4.552958181
162.8,4.553307249
162.85,4.553656312
162.9,4.55400537
162.95,4.554354423
163,4.554703472
163.05,4.555052515
163.1,4.555401554
163.15,4.555750588
163.2,4.556099618
163.25,4.556448642
163.3,4.556797662
163.35,4.557146677
163.4,4.557495688
163.45,4.557844693
163.5,4.558193694
163.55,4.55854269
163.6,4.558891681
163.65,4.559240667
163.7,4.559589649
163.75,4.559938626
163.8,4.560287598
163.85,4.560636566
163.9,4.560985528
163.95,4.561334486
164,4.56168344
164.05,4.562032388
164.1,4.562381332
164.15,4.562730271
164.2,4.563079205
164.25,4.563428135
164.3,4.56377706
164.35,4.56412598
164.4,4.564474895
164.45,4.564823806
164.5,4.565172712
164.55,4.565521613
164.6,4.56587051
164.65,4.566219402
164.7,4.566568289
164.75,4.566917171
164.8,4.567266049
164.85,4.567614922
164.9,4.567963791
164.95,4.568312654
165,4.568661513
165.05,4.569010368
165.1,4.569359217
165.15,4.569708062
165.2,4.570056903
165.25,4.570405739
165.3,4.57075457
165.35,4.571103396
165.4,4.571452218
165.45,4.571801035
165.5,4.572149847
165.55,4.572498655
165.6,4.572847458
165.65,4.573196256
165.7,4.57354505
165.75,4.573893839
165.8,4.574242624
165.85,4.574591404
165.9,4.574940179
165.95,4.57528895
166,4.575637716
166.05,4.575986477
166.1,4.576335234
166.15,4.576683986
166.2,4.577032733
166.25,4.577381476
166.3,4.577730215
166.35,4.578078948
166.4,4.578427677
166.45,4.578776402
166.5,4.579125122
166.55,4.579473837
166.6,4.579822548
166.65,4.580171254
166.7,4.580519956
166.75,4.580868652
166.8,4.581217345
166.85,4.581566033
166.9,4.581914716
166.95,4.582263394
167,4.582612069
167.05,4.582960738
167.1,4.583309403
167.15,4.583658063
167.2,4.584006719
167.25,4.58435537
167.3,4.584704017
167.35,4.585052659
167.4,4.585401297
167.45,4.58574993
167.5,4.586098558
167.55,4.586447182
167.6,4.586795802
167.65,4.587144417
167.7,4.587493027
167.75,4.587841633
167.8,4.588190234
167.85,4.588538831
167.9,4.588887423
167.95,4.589236011
168,4.589584594
168.05,4.589933173
168.1,4.590281747
168.15,4.590630317
168.2,4.590978882
168.25,4.591327442
168.3,4.591675999
168.35,4.59202455
168.4,4.592373097
168.45,4.59272164
168.5,4.593070178
168.55,4.593418712
168.6,4.593767241
168.65,4.594115766
168.7,4.594464286
168.75,4.594812802
168.8,4.595161313
168.85,4.59550982
168.9,4.595858322
168.95,4.59620682
169,4.596555314
169.05,4.596903803
169.1,4.597252287
169.15,4.597600767
169.2,4.597949243
169.25,4.598297714
169.3,4.598646181
169.35,4.598994643
169.4,4.599343101
169.45,4.599691554
169.5,4.600040003
169.55,4.600388447
169.6,4.600736888
169.65,4.601085323
169.7,4.601433754
169.75,4.601782181
169.8,4.602130603
169.85,4.602479021
169.9,4.602827435
169.95,4.603175844
170,4.603524249
170.05,4.603872649
170.1,4.604221045
170.15,4.604569436
170.2,4.604917823
170.25,4.605266206
170.3,4.605614584
170.35,4.605962958
170.4,4.606311328
170.45,4.606659693
170.5,4.607008053
170.55,4.60735641
170.6,4.607704762
170.65,4.608053109
170.7,4.608401452
170.75,4.608749791
170.8,4.609098126
170.85,4.609446456
170.9,4.609794781
170.95,4.610143103
171,4.61049142
171.05,4.610839732
171.1,4.611188041
171.15,4.611536344
171.2,4.611884644
171.25,4.612232939
171.3,4.61258123
171.35,4.612929517
171.4,4.613277799
171.45,4.613626077
171.5,4.61397435
171.55,4.614322619
171.6,4.614670884
171.65,4.615019145
171.7,4.615367401
171.75,4.615715653
171.8,4.6160639
171.85,4.616412143
171.9,4.616760382
171.95,4.617108617
172,4.617456847
172.05,4.617805073
172.1,4.618153295
172.15,4.618501512
172.2,4.618849725
172.25,4.619197934
172.3,4.619546138
172.35,4.619894339
172.4,4.620242534
172.45,4.620590726
172.5,4.620938913
172.55,4.621287096
172.6,4.621635275
172.65,4.621983449
172.7,4.62233162
172.75,4.622679786
172.8,4.623027947
172.85,4.623376105
172.9,4.623724258
172.95,4.624072406
173,4.624420551
173.05,4.624768691
173.1,4.625116827
173.15,4.625464959
173.2,4.625813087
173.25,4.62616121
173.3,4.626509329
173.35,4.626857444
173.4,4.627205554
173.45,4.627553661
173.5,4.627901763
173.55,4.628249861
173.6,4.628597954
173.65,4.628946044
173.7,4.629294129
173.75,4.62964221
173.8,4.629990287
173.85,4.630338359
173.9,4.630686427
173.95,4.631034491
174,4.631382551
174.05,4.631730607
174.1,4.632078658
174.15,4.632426705
174.2,4.632774749
174.25,4.633122787
174.3,4.633470822
174.35,4.633818852
174.4,4.634166879
174.45,4.634514901
174.5,4.634862918
174.55,4.635210932
174.6,4.635558942
174.65,4.635906947
174.7,4.636254948
174.75,4.636602945
174.8,4.636950938
174.85,4.637298926
174.9,4.637646911
174.95,4.637994891
175,4.638342867
175.05,4.638690839
175.1,4.639038807
175.15,4.63938677
175.2,4.63973473
175.25,4.640082685
175.3,4.640430636
175.35,4.640778583
175.4,4.641126526
175.45,4.641474465
175.5,4.641822399
175.55,4.64217033
175.6,4.642518256
175.65,4.642866178
175.7,4.643214096
175.75,4.64356201
175.8,4.64390992
175.85,4.644257825
175.9,4.644605727
175.95,4.644953624
176,4.645301517
176.05,4.645649407
176.1,4.645997292
176.15,4.646345172
176.2,4.646693049
176.25,4.647040922
176.3,4.647388791
176.35,4.647736655
176.4,4.648084515
176.45,4.648432372
176.5,4.648780224
176.55,4.649128072
176.6,4.649475916
176.65,4.649823756
176.7,4.650171592
176.75,4.650519424
176.8,4.650867251
176.85,4.651215075
176.9,4.651562894
176.95,4.65191071
177,4.652258521
177.05,4.652606328
177.1,4.652954132
177.15,4.653301931
177.2,4.653649726
177.25,4.653997517
177.3,4.654345304
177.35,4.654693087
177.4,4.655040866
177.45,4.655388641
177.5,4.655736411
177.55,4.656084178
177.6,4.656431941
177.65,4.656779699
177.7,4.657127454
177.75,4.657475205
177.8,4.657822951
177.85,4.658170694
177.9,4.658518432
177.95,4.658866166
178,4.659213897
178.05,4.659561623
178.1,4.659909345
178.15,4.660257064
178.2,4.660604778
178.25,4.660952488
178.3,4.661300195
178.35,4.661647897
178.4,4.661995595
178.45,4.662343289
178.5,4.66269098
178.55,4.663038666
178.6,4.663386348
178.65,4.663734026
178.7,4.664081701
178.75,4.664429371
178.8,4.664777037
178.85,4.665124699
178.9,4.665472358
178.95,4.665820012
179,4.666167662
179.05,4.666515309
179.1,4.666862951
179.15,4.667210589
179.2,4.667558224
179.25,4.667905854
179.3,4.668253481
179.35,4.668601103
179.4,4.668948722
179.45,4.669296336
179.5,4.669643947
179.55,4.669991553
179.6,4.670339156
179.65,4.670686755
179.7,4.67103435
179.75,4.671381941
179.8,4.671729527
179.85,4.67207711
179.9,4.672424689
179.95,4.672772264
180,4.673119836
180.05,4.673467403
180.1,4.673814966
180.15,4.674162525
180.2,4.674510081
180.25,4.674857632
180.3,4.67520518
180.35,4.675552723
180.4,4.675900263
180.45,4.676247799
180.5,4.676595331
180.55,4.676942858
180.6,4.677290382
180.65,4.677637903
180.7,4.677985419
180.75,4.678332931
180.8,4.678680439
180.85,4.679027944
180.9,4.679375445
180.95,4.679722941
181,4.680070434
181.05,4.680417923
181.1,4.680765408
181.15,4.681112889
181.2,4.681460366
181.25,4.68180784
181.3,4.682155309
181.35,4.682502775
181.4,4.682850236
181.45,4.683197694
181.5,4.683545148
181.55,4.683892598
181.6,4.684240044
181.65,4.684587487
181.7,4.684934925
181.75,4.68528236
181.8,4.685629791
181.85,4.685977217
181.9,4.68632464
181.95,4.68667206
182,4.687019475
182.05,4.687366886
182.1,4.687714294
182.15,4.688061698
182.2,4.688409098
182.25,4.688756494
182.3,4.689103886
182.35,4.689451274
182.4,4.689798659
182.45,4.69014604
182.5,4.690493417
182.55,4.69084079
182.6,4.691188159
182.65,4.691535524
182.7,4.691882886
182.75,4.692230244
182.8,4.692577598
182.85,4.692924948
182.9,4.693272294
182.95,4.693619637
183,4.693966975
183.05,4.69431431
183.1,4.694661641
183.15,4.695008969
183.2,4.695356292
183.25,4.695703612
183.3,4.696050928
183.35,4.69639824
183.4,4.696745548
183.45,4.697092852
183.5,4.697440153
183.55,4.69778745
183.6,4.698134743
183.65,4.698482032
183.7,4.698829318
183.75,4.6991766
183.8,4.699523878
183.85,4.699871152
183.9,4.700218422
183.95,4.700565689
184,4.700912952
184.05,4.701260211
184.1,4.701607466
184.15,4.701954718
184.2,4.702301966
184.25,4.70264921
184.3,4.70299645
184.35,4.703343687
184.4,4.703690919
184.45,4.704038148
184.5,4.704385374
184.55,4.704732595
184.6,4.705079813
184.65,4.705427027
184.7,4.705774237
184.75,4.706121444
184.8,4.706468647
184.85,4.706815846
184.9,4.707163041
184.95,4.707510233
185,4.707857421
185.05,4.708204605
185.1,4.708551785
185.15,4.708898962
185.2,4.709246135
185.25,4.709593304
185.3,4.70994047
185.35,4.710287632
185.4,4.71063479
185.45,4.710981944
185.5,4.711329095
185.55,4.711676242
185.6,4.712023385
185.65,4.712370525
185.7,4.712717661
185.75,4.713064793
185.8,4.713411921
185.85,4.713759046
185.9,4.714106167
185.95,4.714453285
186,4.714800398
186.05,4.715147508
186.1,4.715494615
186.15,4.715841717
186.2,4.716188816
186.25,4.716535912
186.3,4.716883003
186.35,4.717230091
186.4,4.717577175
186.45,4.717924256
186.5,4.718271333
186.55,4.718618406
186.6,4.718965476
186.65,4.719312542
186.7,4.719659604
186.75,4.720006662
186.8,4.720353717
186.85,4.720700769
186.9,4.721047816
186.95,4.72139486
187,4.721741901
187.05,4.722088937
187.1,4.72243597
187.15,4.722783
187.2,4.723130025
187.25,4.723477047
187.3,4.723824066
187.35,4.724171081
187.4,4.724518092
187.45,4.724865099
187.5,4.725212103
187.55,4.725559103
187.6,4.7259061
187.65,4.726253093
187.7,4.726600083
187.75,4.726947068
187.8,4.72729405
187.85,4.727641029
187.9,4.727988004
187.95,4.728334975
188,4.728681943
188.05,4.729028907
188.1,4.729375867
188.15,4.729722824
188.2,4.730069778
188.25,4.730416727
188.3,4.730763673
188.35,4.731110616
188.4,4.731457555
188.45,4.73180449
188.5,4.732151421
188.55,4.73249835
188.6,4.732845274
188.65,4.733192195
188.7,4.733539112
188.75,4.733886026
188.8,4.734232936
188.85,4.734579843
188.9,4.734926746
188.95,4.735273645
189,4.735620541
189.05,4.735967433
189.1,4.736314322
189.15,4.736661207
189.2,4.737008088
189.25,4.737354966
189.3,4.737701841
189.35,4.738048712
189.4,4.738395579
189.45,4.738742443
189.5,4.739089303
189.55,4.739436159
189.6,4.739783013
189.65,4.740129862
189.7,4.740476708
189.75,4.74082355
189.8,4.741170389
189.85,4.741517225
189.9,4.741864056
189.95,4.742210885
190,4.742557709
190.05,4.742904531
190.1,4.743251348
190.15,4.743598162
190.2,4.743944973
190.25,4.74429178
190.3,4.744638583
190.35,4.744985383
190.4,4.74533218
190.45,4.745678973
190.5,4.746025762
190.55,4.746372548
190.6,4.746719331
190.65,4.74706611
190.7,4.747412885
190.75,4.747759657
190.8,4.748106425
190.85,4.74845319
190.9,4.748799951
190.95,4.749146709
191,4.749493464
191.05,4.749840214
191.1,4.750186962
191.15,4.750533706
191.2,4.750880446
191.25,4.751227183
191.3,4.751573916
191.35,4.751920646
191.4,4.752267373
191.45,4.752614095
191.5,4.752960815
191.55,4.753307531
191.6,4.753654243
191.65,4.754000952
191.7,4.754347658
191.75,4.75469436
191.8,4.755041059
191.85,4.755387754
191.9,4.755734445
191.95,4.756081133
192,4.756427818
192.05,4.756774499
192.1,4.757121177
192.15,4.757467851
192.2,4.757814522
192.25,4.75816119
192.3,4.758507854
192.35,4.758854514
192.4,4.759201171
192.45,4.759547825
192.5,4.759894475
192.55,4.760241122
192.6,4.760587765
192.65,4.760934405
192.7,4.761281041
192.75,4.761627674
192.8,4.761974304
192.85,4.76232093
192.9,4.762667552
192.95,4.763014172
193,4.763360787
193.05,4.7637074
193.1,4.764054009
193.15,4.764400614
193.2,4.764747216
193.25,4.765093815
193.3,4.76544041
193.35,4.765787002
193.4,4.76613359
193.45,4.766480175
193.5,4.766826757
193.55,4.767173335
193.6,4.76751991
193.65,4.767866481
193.7,4.768213049
193.75,4.768559614
193.8,4.768906175
193.85,4.769252733
193.9,4.769599287
193.95,4.769945838
194,4.770292386
194.05,4.77063893
194.1,4.770985471
194.15,4.771332008
194.2,4.771678542
194.25,4.772025073
194.3,4.7723716
194.35,4.772718124
194.4,4.773064644
194.45,4.773411161
194.5,4.773757675
194.55,4.774104185
194.6,4.774450692
194.65,4.774797196
194.7,4.775143696
194.75,4.775490193
194.8,4.775836687
194.85,4.776183177
194.9,4.776529663
194.95,4.776876147
195,4.777222627
195.05,4.777569104
195.1,4.777915577
195.15,4.778262047
195.2,4.778608514
195.25,4.778954977
195.3,4.779301437
195.35,4.779647893
195.4,4.779994347
195.45,4.780340796
195.5,4.780687243
195.55,4.781033686
195.6,4.781380126
195.65,4.781726563
195.7,4.782072996
195.75,4.782419426
195.8,4.782765852
195.85,4.783112275
195.9,4.783458695
195.95,4.783805112
196,4.784151525
196.05,4.784497935
196.1,4.784844341
196.15,4.785190745
196.2,4.785537145
196.25,4.785883541
196.3,4.786229934
196.35,4.786576324
196.4,4.786922711
196.45,4.787269094
196.5,4.787615474
196.55,4.787961851
196.6,4.788308225
196.65,4.788654595
196.7,4.789000962
196.75,4.789347325
196.8,4.789693685
196.85,4.790040042
196.9,4.790386396
196.95,4.790732746
197,4.791079093
197.05,4.791425437
197.1,4.791771778
197.15,4.792118115
197.2,4.792464449
197.25,4.792810779
197.3,4.793157107
197.35,4.793503431
197.4,4.793849751
197.45,4.794196069
197.5,4.794542383
197.55,4.794888694
197.6,4.795235002
197.65,4.795581306
197.7,4.795927607
197.75,4.796273905
197.8,4.7966202
197.85,4.796966491
197.9,4.797312779
197.95,4.797659064
198,4.798005345
198.05,4.798351624
198.1,4.798697899
198.15,4.799044171
198.2,4.799390439
198.25,4.799736704
198.3,4.800082966
198.35,4.800429225
198.4,4.800775481
198.45,4.801121733
198.5,4.801467982
198.55,4.801814228
198.6,4.80216047
198.65,4.80250671
198.7,4.802852946
198.75,4.803199179
198.8,4.803545408
198.85,4.803891635
198.9,4.804237858
198.95,4.804584078
199,4.804930295
199.05,4.805276508
199.1,4.805622718
199.15,4.805968925
199.2,4.806315129
199.25,4.80666133
199.3,4.807007527
199.35,4.807353721
199.4,4.807699912
199.45,4.8080461
199.5,4.808392285
199.55,4.808738466
199.6,4.809084644
199.65,4.809430819
199.7,4.809776991
199.75,4.810123159
199.8,4.810469324
199.85,4.810815487
199.9,4.811161645
199.95,4.811507801
200,4.811853954
200.05,4.812200103
200.1,4.812546249
200.15,4.812892392
200.2,4.813238532
200.25,4.813584668
200.3,4.813930802
200.35,4.814276932
200.4,4.814623059
200.45,4.814969183
200.5,4.815315303
200.55,4.815661421
200.6,4.816007535
200.65,4.816353646
200.7,4.816699754
200.75,4.817045859
200.8,4.817391961
200.85,4.817738059
200.9,4.818084154
200.95,4.818430246
201,4.818776335
201.05,4.819122421
201.1,4.819468504
201.15,4.819814583
201.2,4.82016066
201.25,4.820506733
201.3,4.820852803
201.35,4.82119887
201.4,4.821544933
201.45,4.821890994
201.5,4.822237051
201.55,4.822583106
201.6,4.822929157
201.65,4.823275205
201.7,4.823621249
201.75,4.823967291
201.8,4.82431333
201.85,4.824659365
201.9,4.825005397
201.95,4.825351427
202,4.825697453
202.05,4.826043475
202.1,4.826389495
202.15,4.826735512
202.2,4.827081525
202.25,4.827427536
202.3,4.827773543
202.35,4.828119547
202.4,4.828465548
202.45,4.828811546
202.5,4.829157541
202.55,4.829503532
202.6,4.829849521
202.65,4.830195506
202.7,4.830541489
202.75,4.830887468
202.8,4.831233444
202.85,4.831579417
202.9,4.831925387
202.95,4.832271354
203,4.832617317
203.05,4.832963278
203.1,4.833309235
203.15,4.83365519
203.2,4.834001141
203.25,4.834347089
203.3,4.834693034
203.35,4.835038977
203.4,4.835384915
203.45,4.835730851
203.5,4.836076784
203.55,4.836422714
203.6,4.83676864
203.65,4.837114564
203.7,4.837460484
203.75,4.837806402
203.8,4.838152316
203.85,4.838498227
203.9,4.838844135
203.95,4.83919004
204,4.839535942
204.05,4.839881841
204.1,4.840227737
204.15,4.84057363
204.2,4.840919519
204.25,4.841265406
204.3,4.84161129
204.35,4.84195717
204.4,4.842303048
204.45,4.842648922
204.5,4.842994793
204.55,4.843340662
204.6,4.843686527
204.65,4.844032389
204.7,4.844378248
204.75,4.844724104
204.8,4.845069957
204.85,4.845415807
204.9,4.845761654
204.95,4.846107498
205,4.846453339
205.05,4.846799177
205.1,4.847145012
205.15,4.847490844
205.2,4.847836672
205.25,4.848182498
205.3,4.848528321
205.35,4.84887414
205.4,4.849219957
205.45,4.84956577
205.5,4.849911581
205.55,4.850257388
205.6,4.850603193
205.65,4.850948994
205.7,4.851294793
205.75,4.851640588
205.8,4.851986381
205.85,4.85233217
205.9,4.852677956
205.95,4.85302374
206,4.85336952
206.05,4.853715297
206.1,4.854061072
206.15,4.854406843
206.2,4.854752611
206.25,4.855098377
206.3,4.855444139
206.35,4.855789898
206.4,4.856135654
206.45,4.856481408
206.5,4.856827158
206.55,4.857172905
206.6,4.85751865
206.65,4.857864391
206.7,4.858210129
206.75,4.858555865
206.8,4.858901597
206.85,4.859247326
206.9,4.859593053
206.95,4.859938776
207,4.860284497
207.05,4.860630214
207.1,4.860975928
207.15,4.86132164
207.2,4.861667348
207.25,4.862013054
207.3,4.862358756
207.35,4.862704456
207.4,4.863050152
207.45,4.863395846
207.5,4.863741537
207.55,4.864087224
207.6,4.864432909
207.65,4.864778591
207.7,4.86512427
207.75,4.865469946
207.8,4.865815618
207.85,4.866161288
207.9,4.866506955
207.95,4.866852619
208,4.86719828
208.05,4.867543938
208.1,4.867889593
208.15,4.868235246
208.2,4.868580895
208.25,4.868926541
208.3,4.869272184
208.35,4.869617825
208.4,4.869963462
208.45,4.870309097
208.5,4.870654728
208.55,4.871000357
208.6,4.871345983
208.65,4.871691605
208.7,4.872037225
208.75,4.872382842
208.8,4.872728456
208.85,4.873074067
208.9,4.873419675
208.95,4.87376528
209,4.874110883
209.05,4.874456482
209.1,4.874802078
209.15,4.875147672
209.2,4.875493262
209.25,4.87583885
209.3,4.876184435
209.35,4.876530016
209.4,4.876875595
209.45,4.877221171
209.5,4.877566744
209.55,4.877912314
209.6,4.878257881
209.65,4.878603446
209.7,4.878949007
209.75,4.879294566
209.8,4.879640121
209.85,4.879985674
209.9,4.880331224
209.95,4.880676771
210,4.881022315
210.05,4.881367856
210.1,4.881713394
210.15,4.882058929
210.2,4.882404462
210.25,4.882749991
210.3,4.883095518
210.35,4.883441041
210.4,4.883786562
210.45,4.88413208
210.5,4.884477595
210.55,4.884823107
210.6,4.885168617
210.65,4.885514123
210.7,4.885859627
210.75,4.886205127
210.8,4.886550625
210.85,4.88689612
210.9,4.887241612
210.95,4.887587101
211,4.887932588
211.05,4.888278071
211.1,4.888623552
211.15,4.888969029
211.2,4.889314504
211.25,4.889659976
211.3,4.890005445
211.35,4.890350911
211.4,4.890696375
211.45,4.891041835
211.5,4.891387293
211.55,4.891732748
211.6,4.892078199
211.65,4.892423649
211.7,4.892769095
211.75,4.893114538
211.8,4.893459979
211.85,4.893805416
211.9,4.894150851
211.95,4.894496283
212,4.894841712
212.05,4.895187139
212.1,4.895532562
212.15,4.895877983
212.2,4.8962234
212.25,4.896568815
212.3,4.896914227
212.35,4.897259637
212.4,4.897605043
212.45,4.897950447
212.5,4.898295847
212.55,4.898641245
212.6,4.89898664
212.65,4.899332033
212.7,4.899677422
212.75,4.900022809
212.8,4.900368193
212.85,4.900713573
212.9,4.901058952
212.95,4.901404327
213,4.901749699
213.05,4.902095069
213.1,4.902440436
213.15,4.9027858
213.2,4.903131161
213.25,4.90347652
213.3,4.903821875
213.35,4.904167228
213.4,4.904512578
213.45,4.904857925
213.5,4.90520327
213.55,4.905548611
213.6,4.90589395
213.65,4.906239286
213.7,4.906584619
213.75,4.90692995
213.8,4.907275277
213.85,4.907620602
213.9,4.907965924
213.95,4.908311243
214,4.90865656
214.05,4.909001873
214.1,4.909347184
214.15,4.909692492
214.2,4.910037798
214.25,4.9103831
214.3,4.9107284
214.35,4.911073697
214.4,4.911418991
214.45,4.911764282
214.5,4.912109571
214.55,4.912454856
214.6,4.912800139
214.65,4.91314542
214.7,4.913490697
214.75,4.913835972
214.8,4.914181244
214.85,4.914526513
214.9,4.914871779
214.95,4.915217043
215,4.915562304
215.05,4.915907562
215.1,4.916252817
215.15,4.91659807
215.2,4.916943319
215.25,4.917288566
215.3,4.917633811
215.35,4.917979052
215.4,4.918324291
215.45,4.918669527
215.5,4.91901476
215.55,4.919359991
215.6,4.919705219
215.65,4.920050443
215.7,4.920395666
215.75,4.920740885
215.8,4.921086102
215.85,4.921431316
215.9,4.921776527
215.95,4.922121736
216,4.922466942
216.05,4.922812145
216.1,4.923157345
216.15,4.923502542
216.2,4.923847737
216.25,4.924192929
216.3,4.924538119
216.35,4.924883305
216.4,4.925228489
216.45,4.92557367
216.5,4.925918849
216.55,4.926264025
216.6,4.926609198
216.65,4.926954368
216.7,4.927299535
216.75,4.9276447
216.8,4.927989862
216.85,4.928335022
216.9,4.928680178
216.95,4.929025332
217,4.929370483
217.05,4.929715632
217.1,4.930060778
217.15,4.930405921
217.2,4.930751061
217.25,4.931096199
217.3,4.931441334
217.35,4.931786466
217.4,4.932131596
217.45,4.932476722
217.5,4.932821846
217.55,4.933166968
217.6,4.933512087
217.65,4.933857203
217.7,4.934202316
217.75,4.934547427
217.8,4.934892535
217.85,4.93523764
217.9,4.935582742
217.95,4.935927842
218,4.936272939
218.05,4.936618034
218.1,4.936963126
218.15,4.937308215
218.2,4.937653301
218.25,4.937998385
218.3,4.938343466
218.35,4.938688544
218.4,4.93903362
218.45,4.939378693
218.5,4.939723763
218.55,4.940068831
218.6,4.940413896
218.65,4.940758958
218.7,4.941104018
218.75,4.941449075
218.8,4.941794129
218.85,4.94213918
218.9,4.942484229
218.95,4.942829276
219,4.943174319
219.05,4.94351936
219.1,4.943864398
219.15,4.944209434
219.2,4.944554467
219.25,4.944899497
219.3,4.945244525
219.35,4.94558955
219.4,4.945934572
219.45,4.946279592
219.5,4.946624609
219.55,4.946969623
219.6,4.947314635
219.65,4.947659644
219.7,4.94800465
219.75,4.948349654
219.8,4.948694655
219.85,4.949039653
219.9,4.949384649
219.95,4.949729642
220,4.950074633
220.05,4.950419621
220.1,4.950764606
220.15,4.951109589
220.2,4.951454568
220.25,4.951799546
220.3,4.95214452
220.35,4.952489492
220.4,4.952834462
220.45,4.953179429
220.5,4.953524393
220.55,4.953869354
220.6,4.954214313
220.65,4.954559269
220.7,4.954904223
220.75,4.955249174
220.8,4.955594122
220.85,4.955939068
220.9,4.956284011
220.95,4.956628952
221,4.95697389
221.05,4.957318825
221.1,4.957663758
221.15,4.958008688
221.2,4.958353615
221.25,4.95869854
221.3,4.959043462
221.35,4.959388382
221.4,4.959733299
221.45,4.960078213
221.5,4.960423125
221.55,4.960768034
221.6,4.961112941
221.65,4.961457845
221.7,4.961802746
221.75,4.962147645
221.8,4.962492541
221.85,4.962837435
221.9,4.963182326
221.95,4.963527214
222,4.9638721
222.05,4.964216983
222.1,4.964561863
222.15,4.964906741
222.2,4.965251617
222.25,4.96559649
222.3,4.96594136
222.35,4.966286227
222.4,4.966631092
222.45,4.966975955
222.5,4.967320815
222.55,4.967665672
222.6,4.968010527
222.65,4.968355379
222.7,4.968700228
222.75,4.969045075
222.8,4.96938992
222.85,4.969734762
222.9,4.970079601
222.95,4.970424438
223,4.970769272
223.05,4.971114103
223.1,4.971458932
223.15,4.971803759
223.2,4.972148582
223.25,4.972493404
223.3,4.972838222
223.35,4.973183038
223.4,4.973527852
223.45,4.973872663
223.5,4.974217471
223.55,4.974562277
223.6,4.974907081
223.65,4.975251881
223.7,4.97559668
223.75,4.975941475
223.8,4.976286268
223.85,4.976631059
223.9,4.976975847
223.95,4.977320632
224,4.977665415
224.05,4.978010196
224.1,4.978354973
224.15,4.978699749
224.2,4.979044521
224.25,4.979389291
224.3,4.979734059
224.35,4.980078824
224.4,4.980423587
224.45,4.980768347
224.5,4.981113104
224.55,4.981457859
224.6,4.981802611
224.65,4.982147361
224.7,4.982492109
224.75,4.982836853
224.8,4.983181596
224.85,4.983526335
224.9,4.983871072
224.95,4.984215807
225,4.984560539
225.05,4.984905269
225.1,4.985249996
225.15,4.985594721
225.2,4.985939443
225.25,4.986284162
225.3,4.986628879
225.35,4.986973594
225.4,4.987318305
225.45,4.987663015
225.5,4.988007722
225.55,4.988352426
225.6,4.988697128
225.65,4.989041828
225.7,4.989386524
225.75,4.989731219
225.8,4.990075911
225.85,4.9904206
225.9,4.990765287
225.95,4.991109971
226,4.991454653
226.05,4.991799332
226.1,4.992144009
226.15,4.992488683
226.2,4.992833355
226.25,4.993178025
226.3,4.993522691
226.35,4.993867356
226.4,4.994212017
226.45,4.994556677
226.5,4.994901334
226.55,4.995245988
226.6,4.99559064
226.65,4.995935289
226.7,4.996279936
226.75,4.99662458
226.8,4.996969222
226.85,4.997313862
226.9,4.997658499
226.95,4.998003133
227,4.998347765
227.05,4.998692395
227.1,4.999037022
227.15,4.999381646
227.2,4.999726268
227.25,5.000070888
227.3,5.000415505
227.35,5.000760119
227.4,5.001104731
227.45,5.001449341
227.5,5.001793948
227.55,5.002138553
227.6,5.002483155
227.65,5.002827755
227.7,5.003172352
227.75,5.003516947
227.8,5.00386154
227.85,5.004206129
227.9,5.004550717
227.95,5.004895302
228,5.005239884
228.05,5.005584465
228.1,5.005929042
228.15,5.006273617
228.2,5.00661819
228.25,5.00696276
228.3,5.007307328
228.35,5.007651893
228.4,5.007996456
228.45,5.008341017
228.5,5.008685575
228.55,5.00903013
228.6,5.009374683
228.65,5.009719234
228.7,5.010063782
228.75,5.010408328
228.8,5.010752871
228.85,5.011097412
228.9,5.01144195
228.95,5.011786486
229,5.01213102
229.05,5.012475551
229.1,5.012820079
229.15,5.013164606
229.2,5.013509129
229.25,5.013853651
229.3,5.01419817
229.35,5.014542686
229.4,5.0148872
229.45,5.015231712
229.5,5.015576221
229.55,5.015920728
229.6,5.016265232
229.65,5.016609734
229.7,5.016954233
229.75,5.01729873
229.8,5.017643225
229.85,5.017987717
229.9,5.018332207
229.95,5.018676694
230,5.019021179
230.05,5.019365662
230.1,5.019710142
230.15,5.02005462
230.2,5.020399095
230.25,5.020743568
230.3,5.021088038
230.35,5.021432506
230.4,5.021776972
230.45,5.022121435
230.5,5.022465896
230.55,5.022810354
230.6,5.02315481
230.65,5.023499264
230.7,5.023843715
230.75,5.024188164
230.8,5.02453261
230.85,5.024877054
230.9,5.025221496
230.95,5.025565935
231,5.025910372
231.05,5.026254806
231.1,5.026599238
231.15,5.026943668
231.2,5.027288095
231.25,5.02763252
231.3,5.027976942
231.35,5.028321362
231.4,5.02866578
231.45,5.029010195
231.5,5.029354608
231.55,5.029699019
231.6,5.030043427
231.65,5.030387832
231.7,5.030732236
231.75,5.031076637
231.8,5.031421035
231.85,5.031765431
231.9,5.032109825
231.95,5.032454217
232,5.032798606
232.05,5.033142992
232.1,5.033487376
232.15,5.033831758
232.2,5.034176138
232.25,5.034520515
232.3,5.03486489
232.35,5.035209262
232.4,5.035553632
232.45,5.035898
232.5,5.036242365
232.55,5.036586728
232.6,5.036931089
232.65,5.037275447
232.7,5.037619803
232.75,5.037964157
232.8,5.038308508
232.85,5.038652856
232.9,5.038997203
232.95,5.039341547
233,5.039685889
233.05,5.040030228
233.1,5.040374565
233.15,5.0407189
233.2,5.041063232
233.25,5.041407562
233.3,5.041751889
233.35,5.042096215
233.4,5.042440537
233.45,5.042784858
233.5,5.043129176
233.55,5.043473492
233.6,5.043817806
233.65,5.044162117
233.7,5.044506425
233.75,5.044850732
233.8,5.045195036
233.85,5.045539338
233.9,5.045883637
233.95,5.046227934
234,5.046572229
234.05,5.046916522
234.1,5.047260812
234.15,5.047605099
234.2,5.047949385
234.25,5.048293668
234.3,5.048637949
234.35,5.048982227
234.4,5.049326503
234.45,5.049670777
234.5,5.050015048
234.55,5.050359318
234.6,5.050703584
234.65,5.051047849
234.7,5.051392111
234.75,5.051736371
234.8,5.052080628
234.85,5.052424884
234.9,5.052769136
234.95,5.053113387
235,5.053457635
235.05,5.053801881
235.1,5.054146125
235.15,5.054490366
235.2,5.054834605
235.25,5.055178842
235.3,5.055523076
235.35,5.055867308
235.4,5.056211538
235.45,5.056555765
235.5,5.05689999
235.55,5.057244213
235.6,5.057588434
235.65,5.057932652
235.7,5.058276868
235.75,5.058621081
235.8,5.058965292
235.85,5.059309501
235.9,5.059653708
235.95,5.059997913
236,5.060342115
236.05,5.060686314
236.1,5.061030512
236.15,5.061374707
236.2,5.0617189
236.25,5.062063091
236.3,5.062407279
236.35,5.062751465
236.4,5.063095649
236.45,5.06343983
236.5,5.063784009
236.55,5.064128186
236.6,5.064472361
236.65,5.064816533
236.7,5.065160703
236.75,5.065504871
236.8,5.065849036
236.85,5.066193199
236.9,5.06653736
236.95,5.066881519
237,5.067225675
237.05,5.067569829
237.1,5.067913981
237.15,5.068258131
237.2,5.068602278
237.25,5.068946423
237.3,5.069290565
237.35,5.069634706
237.4,5.069978844
237.45,5.07032298
237.5,5.070667113
237.55,5.071011245
237.6,5.071355374
237.65,5.071699501
237.7,5.072043625
237.75,5.072387747
237.8,5.072731867
237.85,5.073075985
237.9,5.073420101
237.95,5.073764214
238,5.074108325
238.05,5.074452433
238.1,5.07479654
238.15,5.075140644
238.2,5.075484746
238.25,5.075828846
238.3,5.076172943
238.35,5.076517038
238.4,5.076861131
238.45,5.077205222
238.5,5.07754931
238.55,5.077893396
238.6,5.07823748
238.65,5.078581562
238.7,5.078925641
238.75,5.079269719
238.8,5.079613794
238.85,5.079957866
238.9,5.080301937
238.95,5.080646005
239,5.080990071
239.05,5.081334135
239.1,5.081678196
239.15,5.082022255
239.2,5.082366312
239.25,5.082710367
239.3,5.08305442
239.35,5.08339847
239.4,5.083742518
239.45,5.084086564
239.5,5.084430607
239.55,5.084774649
239.6,5.085118688
239.65,5.085462725
239.7,5.08580676
239.75,5.086150792
239.8,5.086494822
239.85,5.08683885
239.9,5.087182876
239.95,5.0875269
240,5.087870921
240.05,5.08821494
240.1,5.088558957
240.15,5.088902972
240.2,5.089246984
240.25,5.089590994
240.3,5.089935002
240.35,5.090279008
240.4,5.090623012
240.45,5.090967013
240.5,5.091311012
240.55,5.091655009
240.6,5.091999004
240.65,5.092342997
240.7,5.092686987
240.75,5.093030975
240.8,5.093374961
240.85,5.093718945
240.9,5.094062926
240.95,5.094406905
241,5.094750882
241.05,5.095094857
241.1,5.09543883
241.15,5.095782801
241.2,5.096126769
241.25,5.096470735
241.3,5.096814699
241.35,5.09715866
241.4,5.09750262
241.45,5.097846577
241.5,5.098190532
241.55,5.098534485
241.6,5.098878436
241.65,5.099222384
241.7,5.099566331
241.75,5.099910275
241.8,5.100254217
241.85,5.100598157
241.9,5.100942094
241.95,5.10128603
242,5.101629963
242.05,5.101973894
242.1,5.102317823
242.15,5.102661749
242.2,5.103005674
242.25,5.103349596
242.3,5.103693516
242.35,5.104037434
242.4,5.10438135
242.45,5.104725263
242.5,5.105069175
242.55,5.105413084
242.6,5.105756991
242.65,5.106100896
242.7,5.106444799
242.75,5.106788699
242.8,5.107132597
242.85,5.107476494
242.9,5.107820388
242.95,5.108164279
243,5.108508169
243.05,5.108852057
243.1,5.109195942
243.15,5.109539825
243.2,5.109883706
243.25,5.110227585
243.3,5.110571462
243.35,5.110915336
243.4,5.111259209
243.45,5.111603079
243.5,5.111946947
243.55,5.112290813
243.6,5.112634676
243.65,5.112978538
243.7,5.113322397
243.75,5.113666255
243.8,5.11401011
243.85,5.114353963
243.9,5.114697813
243.95,5.115041662
244,5.115385509
244.05,5.115729353
244.1,5.116073195
244.15,5.116417035
244.2,5.116760873
244.25,5.117104709
244.3,5.117448542
244.35,5.117792374
244.4,5.118136203
244.45,5.11848003
244.5,5.118823856
244.55,5.119167678
244.6,5.119511499
244.65,5.119855318
244.7,5.120199134
244.75,5.120542949
244.8,5.120886761
244.85,5.121230571
244.9,5.121574379
244.95,5.121918185
245,5.122261988
245.05,5.12260579
245.1,5.122949589
245.15,5.123293387
245.2,5.123637182
245.25,5.123980975
245.3,5.124324766
245.35,5.124668554
245.4,5.125012341
245.45,5.125356126
245.5,5.125699908
245.55,5.126043688
245.6,5.126387466
245.65,5.126731242
245.7,5.127075016
245.75,5.127418788
245.8,5.127762558
245.85,5.128106325
245.9,5.128450091
245.95,5.128793854
246,5.129137615
246.05,5.129481374
246.1,5.129825131
246.15,5.130168886
246.2,5.130512639
246.25,5.13085639
246.3,5.131200138
246.35,5.131543885
246.4,5.131887629
246.45,5.132231371
246.5,5.132575111
246.55,5.132918849
246.6,5.133262585
246.65,5.133606319
246.7,5.13395005
246.75,5.13429378
246.8,5.134637507
246.85,5.134981233
246.9,5.135324956
246.95,5.135668677
247,5.136012396
247.05,5.136356113
247.1,5.136699828
247.15,5.137043541
247.2,5.137387252
247.25,5.13773096
247.3,5.138074667
247.35,5.138418371
247.4,5.138762073
247.45,5.139105774
247.5,5.139449472
247.55,5.139793168
247.6,5.140136862
247.65,5.140480554
247.7,5.140824243
247.75,5.141167931
247.8,5.141511617
247.85,5.1418553
247.9,5.142198982
247.95,5.142542661
248,5.142886338
248.05,5.143230013
248.1,5.143573687
248.15,5.143917358
248.2,5.144261027
248.25,5.144604693
248.3,5.144948358
248.35,5.145292021
248.4,5.145635682
248.45,5.14597934
248.5,5.146322997
248.55,5.146666651
248.6,5.147010304
248.65,5.147353954
248.7,5.147697602
248.75,5.148041248
248.8,5.148384892
248.85,5.148728534
248.9,5.149072174
248.95,5.149415812
249,5.149759448
249.05,5.150103082
249.1,5.150446713
249.15,5.150790343
249.2,5.151133971
249.25,5.151477596
249.3,5.151821219
249.35,5.152164841
249.4,5.15250846
249.45,5.152852077
249.5,5.153195693
249.55,5.153539306
249.6,5.153882917
249.65,5.154226526
249.7,5.154570133
249.75,5.154913738
249.8,5.155257341
249.85,5.155600942
249.9,5.15594454
249.95,5.156288137
250,5.156631732
