0,15.05997271
0.05,15.05947141
0.1,15.05897012
0.15,15.05846882
0.2,15.05796752
0.25,15.05746622
0.3,15.05696492
0.35,15.05646362
0.4,15.05596232
0.45,15.05546102
0.5,15.05495973
0.55,15.05445843
0.6,15.05395713
0.65,15.05345583
0.7,15.05295453
0.75,15.05245323
0.8,15.05195193
0.85,15.05145063
0.9,15.05094933
0.95,15.05044804
1,15.04994674
1.05,15.04944544
1.1,15.04894414
1.15,15.04844284
1.2,15.04794154
1.25,15.04744024
1.3,15.04693894
1.35,15.04643764
1.4,15.04593634
1.45,15.04543504
1.5,15.04493374
1.55,15.04443244
1.6,15.04393114
1.65,15.04342984
1.7,15.04292854
1.75,15.04242725
1.8,15.04192595
1.85,15.04142465
1.9,15.04092335
1.95,15.04042205
2,15.03992075
2.05,15.03941945
2.1,15.03891815
2.15,15.03841685
2.2,15.03791555
2.25,15.03741425
2.3,15.03691295
2.35,15.03641165
2.4,15.03591035
2.45,15.03540905
2.5,15.03490775
2.55,15.03440645
2.6,15.03390515
2.65,15.03340385
2.7,15.03290255
2.75,15.03240125
2.8,15.03189995
2.85,15.03139865
2.9,15.03089734
2.95,15.03039604
3,15.02989474
3.05,15.02939344
3.1,15.02889214
3.15,15.02839084
3.2,15.02788954
3.25,15.02738824
3.3,15.02688694
3.35,15.02638564
3.4,15.02588434
3.45,15.02538304
3.5,15.02488174
3.55,15.02438044
3.6,15.02387914
3.65,15.02337783
3.7,15.02287653
3.75,15.02237523
3.8,15.02187393
3.85,15.02137263
3.9,15.02087133
3.95,15.02037003
4,15.01986873
4.05,15.01936743
4.1,15.01886613
4.15,15.01836482
4.2,15.01786352
4.25,15.01736222
4.3,15.01686092
4.35,15.01635962
4.4,15.01585832
4.45,15.01535702
4.5,15.01485571
4.55,15.01435441
4.6,15.01385311
4.65,15.01335181
4.7,15.01285051
4.75,15.01234921
4.8,15.01184791
4.85,15.0113466
4.9,15.0108453
4.95,15.010344
5,15.0098427
5.05,15.0093414
5.1,15.00884009
5.15,15.00833879
5.2,15.00783749
5.25,15.00733619
5.3,15.00683489
5.35,15.00633358
5.4,15.00583228
5.45,15.00533098
5.5,15.00482968
5.55,15.00432838
5.6,15.00382707
5.65,15.00332577
5.7,15.00282447
5.75,15.00232317
5.8,15.00182186
5.85,15.00132056
5.9,15.00081926
5.95,15.00031796
6,14.99981666
6.05,14.99931535
6.1,14.99881405
6.15,14.99831275
6.2,14.99781145
6.25,14.99731014
6.3,14.99680884
6.35,14.99630754
6.4,14.99580623
6.45,14.99530493
6.5,14.99480363
6.55,14.99430233
6.6,14.99380102
6.65,14.99329972
6.7,14.99279842
6.75,14.99229711
6.8,14.99179581
6.85,14.99129451
6.9,14.99079321
6.95,14.9902919
7,14.9897906
7.05,14.9892893
7.1,14.98878799
7.15,14.98828669
7.2,14.98778539
7.25,14.98728408
7.3,14.98678278
7.35,14.98628148
7.4,14.98578017
7.45,14.98527887
7.5,14.98477757
7.55,14.98427626
7.6,14.98377496
7.65,14.98327366
7.7,14.98277235
7.75,14.98227105
7.8,14.98176974
7.85,14.98126844
7.9,14.98076714
7.95,14.98026583
8,14.97976453
8.05,14.97926323
8.1,14.97876192
8.15,14.97826062
8.2,14.97775931
8.25,14.97725801
8.3,14.97675671
8.35,14.9762554
8.4,14.9757541
8.45,14.97525279
8.5,14.97475149
8.55,14.97425019
8.6,14.97374888
8.65,14.97324758
8.7,14.97274627
8.75,14.97224497
8.8,14.97174366
8.85,14.97124236
8.9,14.97074106
8.95,14.97023975
9,14.96973845
9.05,14.96923714
9.1,14.96873584
9.15,14.96823453
9.2,14.96773323
9.25,14.96723192
9.3,14.96673062
9.35,14.96622931
9.4,14.96572801
9.45,14.96522671
9.5,14.9647254
9.55,14.9642241
9.6,14.96372279
9.65,14.96322149
9.7,14.96272018
9.75,14.96221888
9.8,14.96171757
9.85,14.96121627
9.9,14.96071496
9.95,14.96021366
10,14.95971235
10.05,14.95921105
10.1,14.95870974
10.15,14.95820844
10.2,14.95770713
10.25,14.95720582
10.3,14.95670452
10.35,14.95620321
10.4,14.95570191
10.45,14.9552006
10.5,14.9546993
10.55,14.95419799
10.6,14.95369669
10.65,14.95319538
10.7,14.95269408
10.75,14.95219277
10.8,14.95169146
10.85,14.95119016
10.9,14.95068885
10.95,14.95018755
11,14.94968624
11.05,14.94918494
11.1,14.94868363
11.15,14.94818232
11.2,14.94768102
11.25,14.94717971
11.3,14.94667841
11.35,14.9461771
11.4,14.94567579
11.45,14.94517449
11.5,14.94467318
11.55,14.94417188
11.6,14.94367057
11.65,14.94316926
11.7,14.94266796
11.75,14.94216665
11.8,14.94166534
11.85,14.94116404
11.9,14.94066273
11.95,14.94016142
12,14.93966012
12.05,14.93915881
12.1,14.93865751
12.15,14.9381562
12.2,14.93765489
12.25,14.93715359
12.3,14.93665228
12.35,14.93615097
12.4,14.93564967
12.45,14.93514836
12.5,14.93464705
12.55,14.93414574
12.6,14.93364444
12.65,14.93314313
12.7,14.93264182
12.75,14.93214052
12.8,14.93163921
12.85,14.9311379
12.9,14.9306366
12.95,14.93013529
13,14.92963398
13.05,14.92913267
13.1,14.92863137
13.15,14.92813006
13.2,14.92762875
13.25,14.92712745
13.3,14.92662614
13.35,14.92612483
13.4,14.92562352
13.45,14.92512222
13.5,14.92462091
13.55,14.9241196
13.6,14.92361829
13.65,14.92311699
13.7,14.92261568
13.75,14.92211437
13.8,14.92161306
13.85,14.92111176
13.9,14.92061045
13.95,14.92010914
14,14.91960783
14.05,14.91910652
14.1,14.91860522
14.15,14.91810391
14.2,14.9176026
14.25,14.91710129
14.3,14.91659998
14.35,14.91609868
14.4,14.91559737
14.45,14.91509606
14.5,14.91459475
14.55,14.91409344
14.6,14.91359214
14.65,14.91309083
14.7,14.91258952
14.75,14.91208821
14.8,14.9115869
14.85,14.91108559
14.9,14.91058429
14.95,14.91008298
15,14.90958167
15.05,14.90908036
15.1,14.90857905
15.15,14.90807774
15.2,14.90757643
15.25,14.90707513
15.3,14.90657382
15.35,14.90607251
15.4,14.9055712
15.45,14.90506989
15.5,14.90456858
15.55,14.90406727
15.6,14.90356596
15.65,14.90306466
15.7,14.90256335
15.75,14.90206204
15.8,14.90156073
15.85,14.90105942
15.9,14.90055811
15.95,14.9000568
16,14.89955549
16.05,14.89905418
16.1,14.89855287
16.15,14.89805156
16.2,14.89755025
16.25,14.89704895
16.3,14.89654764
16.35,14.89604633
16.4,14.89554502
16.45,14.89504371
16.5,14.8945424
16.55,14.89404109
16.6,14.89353978
16.65,14.89303847
16.7,14.89253716
16.75,14.89203585
16.8,14.89153454
16.85,14.89103323
16.9,14.89053192
16.95,14.89003061
17,14.8895293
17.05,14.88902799
17.1,14.88852668
17.15,14.88802537
17.2,14.88752406
17.25,14.88702275
17.3,14.88652144
17.35,14.88602013
17.4,14.88551882
17.45,14.88501751
17.5,14.8845162
17.55,14.88401489
17.6,14.88351358
17.65,14.88301227
17.7,14.88251096
17.75,14.88200965
17.8,14.88150834
17.85,14.88100703
17.9,14.88050572
17.95,14.88000441
18,14.8795031
18.05,14.87900179
18.1,14.87850048
18.15,14.87799917
18.2,14.87749786
18.25,14.87699655
18.3,14.87649523
18.35,14.87599392
18.4,14.87549261
18.45,14.8749913
18.5,14.87448999
18.55,14.87398868
18.6,14.87348737
18.65,14.87298606
18.7,14.87248475
18.75,14.87198344
18.8,14.87148213
18.85,14.87098081
18.9,14.8704795
18.95,14.86997819
19,14.86947688
19.05,14.86897557
19.1,14.86847426
19.15,14.86797295
19.2,14.86747164
19.25,14.86697032
19.3,14.86646901
19.35,14.8659677
19.4,14.86546639
19.45,14.86496508
19.5,14.86446377
19.55,14.86396246
19.6,14.86346114
19.65,14.86295983
19.7,14.86245852
19.75,14.86195721
19.8,14.8614559
19.85,14.86095459
19.9,14.86045327
19.95,14.85995196
20,14.85945065
20.05,14.85894934
20.1,14.85844803
20.15,14.85794671
20.2,14.8574454
20.25,14.85694409
20.3,14.85644278
20.35,14.85594147
20.4,14.85544015
20.45,14.85493884
20.5,14.85443753
20.55,14.85393622
20.6,14.85343491
20.65,14.85293359
20.7,14.85243228
20.75,14.85193097
20.8,14.85142966
20.85,14.85092834
20.9,14.85042703
20.95,14.84992572
21,14.84942441
21.05,14.84892309
21.1,14.84842178
21.15,14.84792047
21.2,14.84741916
21.25,14.84691784
21.3,14.84641653
21.35,14.84591522
21.4,14.8454139
21.45,14.84491259
21.5,14.84441128
21.55,14.84390997
21.6,14.84340865
21.65,14.84290734
21.7,14.84240603
21.75,14.84190471
21.8,14.8414034
21.85,14.84090209
21.9,14.84040077
21.95,14.83989946
22,14.83939815
22.05,14.83889684
22.1,14.83839552
22.15,14.83789421
22.2,14.8373929
22.25,14.83689158
22.3,14.83639027
22.35,14.83588895
22.4,14.83538764
22.45,14.83488633
22.5,14.83438501
22.55,14.8338837
22.6,14.83338239
22.65,14.83288107
22.7,14.83237976
22.75,14.83187845
22.8,14.83137713
22.85,14.83087582
22.9,14.8303745
22.95,14.82987319
23,14.82937188
23.05,14.82887056
23.1,14.82836925
23.15,14.82786794
23.2,14.82736662
23.25,14.82686531
23.3,14.82636399
23.35,14.82586268
23.4,14.82536136
23.45,14.82486005
23.5,14.82435874
23.55,14.82385742
23.6,14.82335611
23.65,14.82285479
23.7,14.82235348
23.75,14.82185216
23.8,14.82135085
23.85,14.82084954
23.9,14.82034822
23.95,14.81984691
24,14.81934559
24.05,14.81884428
24.1,14.81834296
24.15,14.81784165
24.2,14.81734033
24.25,14.81683902
24.3,14.8163377
24.35,14.81583639
24.4,14.81533507
24.45,14.81483376
24.5,14.81433244
24.55,14.81383113
24.6,14.81332981
24.65,14.8128285
24.7,14.81232718
24.75,14.81182587
24.8,14.81132455
24.85,14.81082324
24.9,14.81032192
24.95,14.80982061
25,14.80931929
25.05,14.80881798
25.1,14.80831666
25.15,14.80781535
25.2,14.80731403
25.25,14.80681272
25.3,14.8063114
25.35,14.80581009
25.4,14.80530877
25.45,14.80480746
25.5,14.80430614
25.55,14.80380482
25.6,14.80330351
25.65,14.80280219
25.7,14.80230088
25.75,14.80179956
25.8,14.80129825
25.85,14.80079693
25.9,14.80029561
25.95,14.7997943
26,14.79929298
26.05,14.79879167
26.1,14.79829035
26.15,14.79778903
26.2,14.79728772
26.25,14.7967864
26.3,14.79628509
26.35,14.79578377
26.4,14.79528245
26.45,14.79478114
26.5,14.79427982
26.55,14.7937785
26.6,14.79327719
26.65,14.79277587
26.7,14.79227456
26.75,14.79177324
26.8,14.79127192
26.85,14.79077061
26.9,14.79026929
26.95,14.78976797
27,14.78926666
27.05,14.78876534
27.1,14.78826402
27.15,14.78776271
27.2,14.78726139
27.25,14.78676007
27.3,14.78625876
27.35,14.78575744
27.4,14.78525612
27.45,14.78475481
27.5,14.78425349
27.55,14.78375217
27.6,14.78325085
27.65,14.78274954
27.7,14.78224822
27.75,14.7817469
27.8,14.78124559
27.85,14.78074427
27.9,14.78024295
27.95,14.77974163
28,14.77924032
28.05,14.778739
28.1,14.77823768
28.15,14.77773636
28.2,14.77723505
28.25,14.77673373
28.3,14.77623241
28.35,14.7757311
28.4,14.77522978
28.45,14.77472846
28.5,14.77422714
28.55,14.77372582
28.6,14.77322451
28.65,14.77272319
28.7,14.77222187
28.75,14.77172055
28.8,14.77121924
28.85,14.77071792
28.9,14.7702166
28.95,14.76971528
29,14.76921396
29.05,14.76871265
29.1,14.76821133
29.15,14.76771001
29.2,14.76720869
29.25,14.76670737
29.3,14.76620606
29.35,14.76570474
29.4,14.76520342
29.45,14.7647021
29.5,14.76420078
29.55,14.76369946
29.6,14.76319815
29.65,14.76269683
29.7,14.76219551
29.75,14.76169419
29.8,14.76119287
29.85,14.76069155
29.9,14.76019023
29.95,14.75968892
30,14.7591876
30.05,14.75868628
30.1,14.75818496
30.15,14.75768364
30.2,14.75718232
30.25,14.756681
30.3,14.75617969
30.35,14.75567837
30.4,14.75517705
30.45,14.75467573
30.5,14.75417441
30.55,14.75367309
30.6,14.75317177
30.65,14.75267045
30.7,14.75216913
30.75,14.75166781
30.8,14.75116649
30.85,14.75066518
30.9,14.75016386
30.95,14.74966254
31,14.74916122
31.05,14.7486599
31.1,14.74815858
31.15,14.74765726
31.2,14.74715594
31.25,14.74665462
31.3,14.7461533
31.35,14.74565198
31.4,14.74515066
31.45,14.74464934
31.5,14.74414802
31.55,14.7436467
31.6,14.74314538
31.65,14.74264406
31.7,14.74214274
31.75,14.74164142
31.8,14.7411401
31.85,14.74063878
31.9,14.74013746
31.95,14.73963614
32,14.73913482
32.05,14.7386335
32.1,14.73813218
32.15,14.73763086
32.2,14.73712954
32.25,14.73662822
32.3,14.7361269
32.35,14.73562558
32.4,14.73512426
32.45,14.73462294
32.5,14.73412162
32.55,14.7336203
32.6,14.73311898
32.65,14.73261766
32.7,14.73211634
32.75,14.73161502
32.8,14.7311137
32.85,14.73061238
32.9,14.73011106
32.95,14.72960974
33,14.72910842
33.05,14.7286071
33.1,14.72810577
33.15,14.72760445
33.2,14.72710313
33.25,14.72660181
33.3,14.72610049
33.35,14.72559917
33.4,14.72509785
33.45,14.72459653
33.5,14.72409521
33.55,14.72359389
33.6,14.72309256
33.65,14.72259124
33.7,14.72208992
33.75,14.7215886
33.8,14.72108728
33.85,14.72058596
33.9,14.72008464
33.95,14.71958332
34,14.71908199
34.05,14.71858067
34.1,14.71807935
34.15,14.71757803
34.2,14.71707671
34.25,14.71657539
34.3,14.71607407
34.35,14.71557274
34.4,14.71507142
34.45,14.7145701
34.5,14.71406878
34.55,14.71356746
34.6,14.71306614
34.65,14.71256481
34.7,14.71206349
34.75,14.71156217
34.8,14.71106085
34.85,14.71055953
34.9,14.7100582
34.95,14.70955688
35,14.70905556
35.05,14.70855424
35.1,14.70805292
35.15,14.70755159
35.2,14.70705027
35.25,14.70654895
35.3,14.70604763
35.35,14.7055463
35.4,14.70504498
35.45,14.70454366
35.5,14.70404234
35.55,14.70354101
35.6,14.70303969
35.65,14.70253837
35.7,14.70203705
35.75,14.70153572
35.8,14.7010344
35.85,14.70053308
35.9,14.70003176
35.95,14.69953043
36,14.69902911
36.05,14.69852779
36.1,14.69802647
36.15,14.69752514
36.2,14.69702382
36.25,14.6965225
36.3,14.69602117
36.35,14.69551985
36.4,14.69501853
36.45,14.6945172
36.5,14.69401588
36.55,14.69351456
36.6,14.69301324
36.65,14.69251191
36.7,14.69201059
36.75,14.69150927
36.8,14.69100794
36.85,14.69050662
36.9,14.6900053
36.95,14.68950397
37,14.68900265
37.05,14.68850133
37.1,14.688
37.15,14.68749868
37.2,14.68699735
37.25,14.68649603
37.3,14.68599471
37.35,14.68549338
37.4,14.68499206
37.45,14.68449074
37.5,14.68398941
37.55,14.68348809
37.6,14.68298676
37.65,14.68248544
37.7,14.68198412
37.75,14.68148279
37.8,14.68098147
37.85,14.68048014
37.9,14.67997882
37.95,14.6794775
38,14.67897617
38.05,14.67847485
38.1,14.67797352
38.15,14.6774722
38.2,14.67697088
38.25,14.67646955
38.3,14.67596823
38.35,14.6754669
38.4,14.67496558
38.45,14.67446425
38.5,14.67396293
38.55,14.6734616
38.6,14.67296028
38.65,14.67245896
38.7,14.67195763
38.75,14.67145631
38.8,14.67095498
38.85,14.67045366
38.9,14.66995233
38.95,14.66945101
39,14.66894968
39.05,14.66844836
39.1,14.66794703
39.15,14.66744571
39.2,14.66694438
39.25,14.66644306
39.3,14.66594173
39.35,14.66544041
39.4,14.66493908
39.45,14.66443776
39.5,14.66393643
39.55,14.66343511
39.6,14.66293378
39.65,14.66243246
39.7,14.66193113
39.75,14.66142981
39.8,14.66092848
39.85,14.66042716
39.9,14.65992583
39.95,14.6594245
40,14.65892318
40.05,14.65842185
40.1,14.65792053
40.15,14.6574192
40.2,14.65691788
40.25,14.65641655
40.3,14.65591522
40.35,14.6554139
40.4,14.65491257
40.45,14.65441125
40.5,14.65390992
40.55,14.6534086
40.6,14.65290727
40.65,14.65240594
40.7,14.65190462
40.75,14.65140329
40.8,14.65090197
40.85,14.65040064
40.9,14.64989931
40.95,14.64939799
41,14.64889666
41.05,14.64839533
41.1,14.64789401
41.15,14.64739268
41.2,14.64689136
41.25,14.64639003
41.3,14.6458887
41.35,14.64538738
41.4,14.64488605
41.45,14.64438472
41.5,14.6438834
41.55,14.64338207
41.6,14.64288074
41.65,14.64237942
41.7,14.64187809
41.75,14.64137676
41.8,14.64087544
41.85,14.64037411
41.9,14.63987278
41.95,14.63937146
42,14.63887013
42.05,14.6383688
42.1,14.63786748
42.15,14.63736615
42.2,14.63686482
42.25,14.63636349
42.3,14.63586217
42.35,14.63536084
42.4,14.63485951
42.45,14.63435819
42.5,14.63385686
42.55,14.63335553
42.6,14.6328542
42.65,14.63235288
42.7,14.63185155
42.75,14.63135022
42.8,14.63084889
42.85,14.63034757
42.9,14.62984624
42.95,14.62934491
43,14.62884358
43.05,14.62834226
43.1,14.62784093
43.15,14.6273396
43.2,14.62683827
43.25,14.62633695
43.3,14.62583562
43.35,14.62533429
43.4,14.62483296
43.45,14.62433163
43.5,14.62383031
43.55,14.62332898
43.6,14.62282765
43.65,14.62232632
43.7,14.62182499
43.75,14.62132367
43.8,14.62082234
43.85,14.62032101
43.9,14.61981968
43.95,14.61931835
44,14.61881703
44.05,14.6183157
44.1,14.61781437
44.15,14.61731304
44.2,14.61681171
44.25,14.61631038
44.3,14.61580906
44.35,14.61530773
44.4,14.6148064
44.45,14.61430507
44.5,14.61380374
44.55,14.61330241
44.6,14.61280108
44.65,14.61229975
44.7,14.61179843
44.75,14.6112971
44.8,14.61079577
44.85,14.61029444
44.9,14.60979311
44.95,14.60929178
45,14.60879045
45.05,14.60828912
45.1,14.60778779
45.15,14.60728647
45.2,14.60678514
45.25,14.60628381
45.3,14.60578248
45.35,14.60528115
45.4,14.60477982
45.45,14.60427849
45.5,14.60377716
45.55,14.60327583
45.6,14.6027745
45.65,14.60227317
45.7,14.60177184
45.75,14.60127051
45.8,14.60076918
45.85,14.60026785
45.9,14.59976653
45.95,14.5992652
46,14.59876387
46.05,14.59826254
46.1,14.59776121
46.15,14.59725988
46.2,14.59675855
46.25,14.59625722
46.3,14.59575589
46.35,14.59525456
46.4,14.59475323
46.45,14.5942519
46.5,14.59375057
46.55,14.59324924
46.6,14.59274791
46.65,14.59224658
46.7,14.59174525
46.75,14.59124392
46.8,14.59074259
46.85,14.59024126
46.9,14.58973993
46.95,14.5892386
47,14.58873727
47.05,14.58823593
47.1,14.5877346
47.15,14.58723327
47.2,14.58673194
47.25,14.58623061
47.3,14.58572928
47.35,14.58522795
47.4,14.58472662
47.45,14.58422529
47.5,14.58372396
47.55,14.58322263
47.6,14.5827213
47.65,14.58221997
47.7,14.58171864
47.75,14.58121731
47.8,14.58071597
47.85,14.58021464
47.9,14.57971331
47.95,14.57921198
48,14.57871065
48.05,14.57820932
48.1,14.57770799
48.15,14.57720666
48.2,14.57670533
48.25,14.57620399
48.3,14.57570266
48.35,14.57520133
48.4,14.5747
48.45,14.57419867
48.5,14.57369734
48.55,14.57319601
48.6,14.57269468
48.65,14.57219334
48.7,14.57169201
48.75,14.57119068
48.8,14.57068935
48.85,14.57018802
48.9,14.56968669
48.95,14.56918535
49,14.56868402
49.05,14.56818269
49.1,14.56768136
49.15,14.56718003
49.2,14.56667869
49.25,14.56617736
49.3,14.56567603
49.35,14.5651747
49.4,14.56467337
49.45,14.56417203
49.5,14.5636707
49.55,14.56316937
49.6,14.56266804
49.65,14.56216671
49.7,14.56166537
49.75,14.56116404
49.8,14.56066271
49.85,14.56016138
49.9,14.55966004
49.95,14.55915871
50,14.55865738
50.05,14.55815605
50.1,14.55765471
50.15,14.55715338
50.2,14.55665205
50.25,14.55615072
50.3,14.55564938
50.35,14.55514805
50.4,14.55464672
50.45,14.55414539
50.5,14.55364405
50.55,14.55314272
50.6,14.55264139
50.65,14.55214005
50.7,14.55163872
50.75,14.55113739
50.8,14.55063606
50.85,14.55013472
50.9,14.54963339
50.95,14.54913206
51,14.54863072
51.05,14.54812939
51.1,14.54762806
51.15,14.54712672
51.2,14.54662539
51.25,14.54612406
51.3,14.54562272
51.35,14.54512139
51.4,14.54462006
51.45,14.54411872
51.5,14.54361739
51.55,14.54311606
51.6,14.54261472
51.65,14.54211339
51.7,14.54161206
51.75,14.54111072
51.8,14.54060939
51.85,14.54010805
51.9,14.53960672
51.95,14.53910539
52,14.53860405
52.05,14.53810272
52.1,14.53760138
52.15,14.53710005
52.2,14.53659872
52.25,14.53609738
52.3,14.53559605
52.35,14.53509471
52.4,14.53459338
52.45,14.53409205
52.5,14.53359071
52.55,14.53308938
52.6,14.53258804
52.65,14.53208671
52.7,14.53158538
52.75,14.53108404
52.8,14.53058271
52.85,14.53008137
52.9,14.52958004
52.95,14.5290787
53,14.52857737
53.05,14.52807603
53.1,14.5275747
53.15,14.52707336
53.2,14.52657203
53.25,14.5260707
53.3,14.52556936
53.35,14.52506803
53.4,14.52456669
53.45,14.52406536
53.5,14.52356402
53.55,14.52306269
53.6,14.52256135
53.65,14.52206002
53.7,14.52155868
53.75,14.52105735
53.8,14.52055601
53.85,14.52005468
53.9,14.51955334
53.95,14.51905201
54,14.51855067
54.05,14.51804933
54.1,14.517548
54.15,14.51704666
54.2,14.51654533
54.25,14.51604399
54.3,14.51554266
54.35,14.51504132
54.4,14.51453999
54.45,14.51403865
54.5,14.51353732
54.55,14.51303598
54.6,14.51253464
54.65,14.51203331
54.7,14.51153197
54.75,14.51103064
54.8,14.5105293
54.85,14.51002797
54.9,14.50952663
54.95,14.50902529
55,14.50852396
55.05,14.50802262
55.1,14.50752129
55.15,14.50701995
55.2,14.50651861
55.25,14.50601728
55.3,14.50551594
55.35,14.50501461
55.4,14.50451327
55.45,14.50401193
55.5,14.5035106
55.55,14.50300926
55.6,14.50250792
55.65,14.50200659
55.7,14.50150525
55.75,14.50100391
55.8,14.50050258
55.85,14.50000124
55.9,14.4994999
55.95,14.49899857
56,14.49849723
56.05,14.49799589
56.1,14.49749456
56.15,14.49699322
56.2,14.49649188
56.25,14.49599055
56.3,14.49548921
56.35,14.49498787
56.4,14.49448654
56.45,14.4939852
56.5,14.49348386
56.55,14.49298253
56.6,14.49248119
56.65,14.49197985
56.7,14.49147851
56.75,14.49097718
56.8,14.49047584
56.85,14.4899745
56.9,14.48947317
56.95,14.48897183
57,14.48847049
57.05,14.48796915
57.1,14.48746782
57.15,14.48696648
57.2,14.48646514
57.25,14.4859638
57.3,14.48546247
57.35,14.48496113
57.4,14.48445979
57.45,14.48395845
57.5,14.48345712
57.55,14.48295578
57.6,14.48245444
57.65,14.4819531
57.7,14.48145176
57.75,14.48095043
57.8,14.48044909
57.85,14.47994775
57.9,14.47944641
57.95,14.47894507
58,14.47844374
58.05,14.4779424
58.1,14.47744106
58.15,14.47693972
58.2,14.47643838
58.25,14.47593705
58.3,14.47543571
58.35,14.47493437
58.4,14.47443303
58.45,14.47393169
58.5,14.47343035
58.55,14.47292902
58.6,14.47242768
58.65,14.47192634
58.7,14.471425
58.75,14.47092366
58.8,14.47042232
58.85,14.46992098
58.9,14.46941965
58.95,14.46891831
59,14.46841697
59.05,14.46791563
59.1,14.46741429
59.15,14.46691295
59.2,14.46641161
59.25,14.46591027
59.3,14.46540893
59.35,14.4649076
59.4,14.46440626
59.45,14.46390492
59.5,14.46340358
59.55,14.46290224
59.6,14.4624009
59.65,14.46189956
59.7,14.46139822
59.75,14.46089688
59.8,14.46039554
59.85,14.4598942
59.9,14.45939286
59.95,14.45889152
60,14.45839019
60.05,14.45788885
60.1,14.45738751
60.15,14.45688617
60.2,14.45638483
60.25,14.45588349
60.3,14.45538215
60.35,14.45488081
60.4,14.45437947
60.45,14.45387813
60.5,14.45337679
60.55,14.45287545
60.6,14.45237411
60.65,14.45187277
60.7,14.45137143
60.75,14.45087009
60.8,14.45036875
60.85,14.44986741
60.9,14.44936607
60.95,14.44886473
61,14.44836339
61.05,14.44786205
61.1,14.44736071
61.15,14.44685937
61.2,14.44635803
61.25,14.44585669
61.3,14.44535535
61.35,14.44485401
61.4,14.44435267
61.45,14.44385133
61.5,14.44334998
61.55,14.44284864
61.6,14.4423473
61.65,14.44184596
61.7,14.44134462
61.75,14.44084328
61.8,14.44034194
61.85,14.4398406
61.9,14.43933926
61.95,14.43883792
62,14.43833658
62.05,14.43783524
62.1,14.4373339
62.15,14.43683255
62.2,14.43633121
62.25,14.43582987
62.3,14.43532853
62.35,14.43482719
62.4,14.43432585
62.45,14.43382451
62.5,14.43332317
62.55,14.43282183
62.6,14.43232048
62.65,14.43181914
62.7,14.4313178
62.75,14.43081646
62.8,14.43031512
62.85,14.42981378
62.9,14.42931244
62.95,14.42881109
63,14.42830975
63.05,14.42780841
63.1,14.42730707
63.15,14.42680573
63.2,14.42630439
63.25,14.42580304
63.3,14.4253017
63.35,14.42480036
63.4,14.42429902
63.45,14.42379768
63.5,14.42329634
63.55,14.42279499
63.6,14.42229365
63.65,14.42179231
63.7,14.42129097
63.75,14.42078962
63.8,14.42028828
63.85,14.41978694
63.9,14.4192856
63.95,14.41878426
64,14.41828291
64.05,14.41778157
64.1,14.41728023
64.15,14.41677889
64.2,14.41627754
64.25,14.4157762
64.3,14.41527486
64.35,14.41477352
64.4,14.41427217
64.45,14.41377083
64.5,14.41326949
64.55,14.41276815
64.6,14.4122668
64.65,14.41176546
64.7,14.41126412
64.75,14.41076278
64.8,14.41026143
64.85,14.40976009
64.9,14.40925875
64.95,14.4087574
65,14.40825606
65.05,14.40775472
65.1,14.40725337
65.15,14.40675203
65.2,14.40625069
65.25,14.40574935
65.3,14.405248
65.35,14.40474666
65.4,14.40424532
65.45,14.40374397
65.5,14.40324263
65.55,14.40274129
65.6,14.40223994
65.65,14.4017386
65.7,14.40123725
65.75,14.40073591
65.8,14.40023457
65.85,14.39973322
65.9,14.39923188
65.95,14.39873054
66,14.39822919
66.05,14.39772785
66.1,14.39722651
66.15,14.39672516
66.2,14.39622382
66.25,14.39572247
66.3,14.39522113
66.35,14.39471979
66.4,14.39421844
66.45,14.3937171
66.5,14.39321575
66.55,14.39271441
66.6,14.39221307
66.65,14.39171172
66.7,14.39121038
66.75,14.39070903
66.8,14.39020769
66.85,14.38970634
66.9,14.389205
66.95,14.38870366
67,14.38820231
67.05,14.38770097
67.1,14.38719962
67.15,14.38669828
67.2,14.38619693
67.25,14.38569559
67.3,14.38519424
67.35,14.3846929
67.4,14.38419156
67.45,14.38369021
67.5,14.38318887
67.55,14.38268752
67.6,14.38218618
67.65,14.38168483
67.7,14.38118349
67.75,14.38068214
67.8,14.3801808
67.85,14.37967945
67.9,14.37917811
67.95,14.37867676
68,14.37817542
68.05,14.37767407
68.1,14.37717273
68.15,14.37667138
68.2,14.37617003
68.25,14.37566869
68.3,14.37516734
68.35,14.374666
68.4,14.37416465
68.45,14.37366331
68.5,14.37316196
68.55,14.37266062
68.6,14.37215927
68.65,14.37165793
68.7,14.37115658
68.75,14.37065523
68.8,14.37015389
68.85,14.36965254
68.9,14.3691512
68.95,14.36864985
69,14.36814851
69.05,14.36764716
69.1,14.36714581
69.15,14.36664447
69.2,14.36614312
69.25,14.36564178
69.3,14.36514043
69.35,14.36463908
69.4,14.36413774
69.45,14.36363639
69.5,14.36313505
69.55,14.3626337
69.6,14.36213235
69.65,14.36163101
69.7,14.36112966
69.75,14.36062831
69.8,14.36012697
69.85,14.35962562
69.9,14.35912427
69.95,14.35862293
70,14.35812158
70.05,14.35762024
70.1,14.35711889
70.15,14.35661754
70.2,14.3561162
70.25,14.35561485
70.3,14.3551135
70.35,14.35461215
70.4,14.35411081
70.45,14.35360946
70.5,14.35310811
70.55,14.35260677
70.6,14.35210542
70.65,14.35160407
70.7,14.35110273
70.75,14.35060138
70.8,14.35010003
70.85,14.34959868
70.9,14.34909734
70.95,14.34859599
71,14.34809464
71.05,14.3475933
71.1,14.34709195
71.15,14.3465906
71.2,14.34608925
71.25,14.34558791
71.3,14.34508656
71.35,14.34458521
71.4,14.34408386
71.45,14.34358252
71.5,14.34308117
71.55,14.34257982
71.6,14.34207847
71.65,14.34157713
71.7,14.34107578
71.75,14.34057443
71.8,14.34007308
71.85,14.33957173
71.9,14.33907039
71.95,14.33856904
72,14.33806769
72.05,14.33756634
72.1,14.33706499
72.15,14.33656365
72.2,14.3360623
72.25,14.33556095
72.3,14.3350596
72.35,14.33455825
72.4,14.33405691
72.45,14.33355556
72.5,14.33305421
72.55,14.33255286
72.6,14.33205151
72.65,14.33155016
72.7,14.33104882
72.75,14.33054747
72.8,14.33004612
72.85,14.32954477
72.9,14.32904342
72.95,14.32854207
73,14.32804072
73.05,14.32753937
73.1,14.32703803
73.15,14.32653668
73.2,14.32603533
73.25,14.32553398
73.3,14.32503263
73.35,14.32453128
73.4,14.32402993
73.45,14.32352858
73.5,14.32302723
73.55,14.32252589
73.6,14.32202454
73.65,14.32152319
73.7,14.32102184
73.75,14.32052049
73.8,14.32001914
73.85,14.31951779
73.9,14.31901644
73.95,14.31851509
74,14.31801374
74.05,14.31751239
74.1,14.31701104
74.15,14.31650969
74.2,14.31600834
74.25,14.31550699
74.3,14.31500564
74.35,14.3145043
74.4,14.31400295
74.45,14.3135016
74.5,14.31300025
74.55,14.3124989
74.6,14.31199755
74.65,14.3114962
74.7,14.31099485
74.75,14.3104935
74.8,14.30999215
74.85,14.3094908
74.9,14.30898945
74.95,14.3084881
75,14.30798675
75.05,14.3074854
75.1,14.30698405
75.15,14.3064827
75.2,14.30598135
75.25,14.30548
75.3,14.30497865
75.35,14.30447729
75.4,14.30397594
75.45,14.30347459
75.5,14.30297324
75.55,14.30247189
75.6,14.30197054
75.65,14.30146919
75.7,14.30096784
75.75,14.30046649
75.8,14.29996514
75.85,14.29946379
75.9,14.29896244
75.95,14.29846109
76,14.29795974
76.05,14.29745839
76.1,14.29695703
76.15,14.29645568
76.2,14.29595433
76.25,14.29545298
76.3,14.29495163
76.35,14.29445028
76.4,14.29394893
76.45,14.29344758
76.5,14.29294623
76.55,14.29244488
76.6,14.29194352
76.65,14.29144217
76.7,14.29094082
76.75,14.29043947
76.8,14.28993812
76.85,14.28943677
76.9,14.28893542
76.95,14.28843406
77,14.28793271
77.05,14.28743136
77.1,14.28693001
77.15,14.28642866
77.2,14.28592731
77.25,14.28542595
77.3,14.2849246
77.35,14.28442325
77.4,14.2839219
77.45,14.28342055
77.5,14.28291919
77.55,14.28241784
77.6,14.28191649
77.65,14.28141514
77.7,14.28091379
77.75,14.28041243
77.8,14.27991108
77.85,14.27940973
77.9,14.27890838
77.95,14.27840703
78,14.27790567
78.05,14.27740432
78.1,14.27690297
78.15,14.27640162
78.2,14.27590026
78.25,14.27539891
78.3,14.27489756
78.35,14.27439621
78.4,14.27389485
78.45,14.2733935
78.5,14.27289215
78.55,14.2723908
78.6,14.27188944
78.65,14.27138809
78.7,14.27088674
78.75,14.27038539
78.8,14.26988403
78.85,14.26938268
78.9,14.26888133
78.95,14.26837997
79,14.26787862
79.05,14.26737727
79.1,14.26687591
79.15,14.26637456
79.2,14.26587321
79.25,14.26537186
79.3,14.2648705
79.35,14.26436915
79.4,14.2638678
79.45,14.26336644
79.5,14.26286509
79.55,14.26236374
79.6,14.26186238
79.65,14.26136103
79.7,14.26085968
79.75,14.26035832
79.8,14.25985697
79.85,14.25935561
79.9,14.25885426
79.95,14.25835291
80,14.25785155
80.05,14.2573502
80.1,14.25684885
80.15,14.25634749
80.2,14.25584614
80.25,14.25534478
80.3,14.25484343
80.35,14.25434208
80.4,14.25384072
80.45,14.25333937
80.5,14.25283801
80.55,14.25233666
80.6,14.25183531
80.65,14.25133395
80.7,14.2508326
80.75,14.25033124
80.8,14.24982989
80.85,14.24932854
80.9,14.24882718
80.95,14.24832583
81,14.24782447
81.05,14.24732312
81.1,14.24682176
81.15,14.24632041
81.2,14.24581905
81.25,14.2453177
81.3,14.24481634
81.35,14.24431499
81.4,14.24381364
81.45,14.24331228
81.5,14.24281093
81.55,14.24230957
81.6,14.24180822
81.65,14.24130686
81.7,14.24080551
81.75,14.24030415
81.8,14.2398028
81.85,14.23930144
81.9,14.23880009
81.95,14.23829873
82,14.23779738
82.05,14.23729602
82.1,14.23679467
82.15,14.23629331
82.2,14.23579195
82.25,14.2352906
82.3,14.23478924
82.35,14.23428789
82.4,14.23378653
82.45,14.23328518
82.5,14.23278382
82.55,14.23228247
82.6,14.23178111
82.65,14.23127976
82.7,14.2307784
82.75,14.23027704
82.8,14.22977569
82.85,14.22927433
82.9,14.22877298
82.95,14.22827162
83,14.22777027
83.05,14.22726891
83.1,14.22676755
83.15,14.2262662
83.2,14.22576484
83.25,14.22526349
83.3,14.22476213
83.35,14.22426077
83.4,14.22375942
83.45,14.22325806
83.5,14.2227567
83.55,14.22225535
83.6,14.22175399
83.65,14.22125264
83.7,14.22075128
83.75,14.22024992
83.8,14.21974857
83.85,14.21924721
83.9,14.21874585
83.95,14.2182445
84,14.21774314
84.05,14.21724178
84.1,14.21674043
84.15,14.21623907
84.2,14.21573771
84.25,14.21523636
84.3,14.214735
84.35,14.21423364
84.4,14.21373229
84.45,14.21323093
84.5,14.21272957
84.55,14.21222822
84.6,14.21172686
84.65,14.2112255
84.7,14.21072414
84.75,14.21022279
84.8,14.20972143
84.85,14.20922007
84.9,14.20871872
84.95,14.20821736
85,14.207716
85.05,14.20721464
85.1,14.20671329
85.15,14.20621193
85.2,14.20571057
85.25,14.20520921
85.3,14.20470786
85.35,14.2042065
85.4,14.20370514
85.45,14.20320378
85.5,14.20270243
85.55,14.20220107
85.6,14.20169971
85.65,14.20119835
85.7,14.20069699
85.75,14.20019564
85.8,14.19969428
85.85,14.19919292
85.9,14.19869156
85.95,14.1981902
86,14.19768885
86.05,14.19718749
86.1,14.19668613
86.15,14.19618477
86.2,14.19568341
86.25,14.19518206
86.3,14.1946807
86.35,14.19417934
86.4,14.19367798
86.45,14.19317662
86.5,14.19267526
86.55,14.19217391
86.6,14.19167255
86.65,14.19117119
86.7,14.19066983
86.75,14.19016847
86.8,14.18966711
86.85,14.18916575
86.9,14.1886644
86.95,14.18816304
87,14.18766168
87.05,14.18716032
87.1,14.18665896
87.15,14.1861576
87.2,14.18565624
87.25,14.18515488
87.3,14.18465352
87.35,14.18415217
87.4,14.18365081
87.45,14.18314945
87.5,14.18264809
87.55,14.18214673
87.6,14.18164537
87.65,14.18114401
87.7,14.18064265
87.75,14.18014129
87.8,14.17963993
87.85,14.17913857
87.9,14.17863721
87.95,14.17813585
88,14.1776345
88.05,14.17713314
88.1,14.17663178
88.15,14.17613042
88.2,14.17562906
88.25,14.1751277
88.3,14.17462634
88.35,14.17412498
88.4,14.17362362
88.45,14.17312226
88.5,14.1726209
88.55,14.17211954
88.6,14.17161818
88.65,14.17111682
88.7,14.17061546
88.75,14.1701141
88.8,14.16961274
88.85,14.16911138
88.9,14.16861002
88.95,14.16810866
89,14.1676073
89.05,14.16710594
89.1,14.16660458
89.15,14.16610322
89.2,14.16560186
89.25,14.1651005
89.3,14.16459914
89.35,14.16409778
89.4,14.16359641
89.45,14.16309505
89.5,14.16259369
89.55,14.16209233
89.6,14.16159097
89.65,14.16108961
89.7,14.16058825
89.75,14.16008689
89.8,14.15958553
89.85,14.15908417
89.9,14.15858281
89.95,14.15808145
90,14.15758009
90.05,14.15707873
90.1,14.15657736
90.15,14.156076
90.2,14.15557464
90.25,14.15507328
90.3,14.15457192
90.35,14.15407056
90.4,14.1535692
90.45,14.15306784
90.5,14.15256647
90.55,14.15206511
90.6,14.15156375
90.65,14.15106239
90.7,14.15056103
90.75,14.15005967
90.8,14.14955831
90.85,14.14905694
90.9,14.14855558
90.95,14.14805422
91,14.14755286
91.05,14.1470515
91.1,14.14655014
91.15,14.14604877
91.2,14.14554741
91.25,14.14504605
91.3,14.14454469
91.35,14.14404333
91.4,14.14354196
91.45,14.1430406
91.5,14.14253924
91.55,14.14203788
91.6,14.14153652
91.65,14.14103515
91.7,14.14053379
91.75,14.14003243
91.8,14.13953107
91.85,14.13902971
91.9,14.13852834
91.95,14.13802698
92,14.13752562
92.05,14.13702426
92.1,14.13652289
92.15,14.13602153
92.2,14.13552017
92.25,14.13501881
92.3,14.13451744
92.35,14.13401608
92.4,14.13351472
92.45,14.13301336
92.5,14.13251199
92.55,14.13201063
92.6,14.13150927
92.65,14.1310079
92.7,14.13050654
92.75,14.13000518
92.8,14.12950382
92.85,14.12900245
92.9,14.12850109
92.95,14.12799973
93,14.12749836
93.05,14.126997
93.1,14.12649564
93.15,14.12599427
93.2,14.12549291
93.25,14.12499155
93.3,14.12449018
93.35,14.12398882
93.4,14.12348746
93.45,14.12298609
93.5,14.12248473
93.55,14.12198337
93.6,14.121482
93.65,14.12098064
93.7,14.12047928
93.75,14.11997791
93.8,14.11947655
93.85,14.11897518
93.9,14.11847382
93.95,14.11797246
94,14.11747109
94.05,14.11696973
94.1,14.11646836
94.15,14.115967
94.2,14.11546564
94.25,14.11496427
94.3,14.11446291
94.35,14.11396154
94.4,14.11346018
94.45,14.11295882
94.5,14.11245745
94.55,14.11195609
94.6,14.11145472
94.65,14.11095336
94.7,14.11045199
94.75,14.10995063
94.8,14.10944927
94.85,14.1089479
94.9,14.10844654
94.95,14.10794517
95,14.10744381
95.05,14.10694244
95.1,14.10644108
95.15,14.10593971
95.2,14.10543835
95.25,14.10493698
95.3,14.10443562
95.35,14.10393425
95.4,14.10343289
95.45,14.10293152
95.5,14.10243016
95.55,14.10192879
95.6,14.10142743
95.65,14.10092606
95.7,14.1004247
95.75,14.09992333
95.8,14.09942197
95.85,14.0989206
95.9,14.09841924
95.95,14.09791787
96,14.09741651
96.05,14.09691514
96.1,14.09641378
96.15,14.09591241
96.2,14.09541105
96.25,14.09490968
96.3,14.09440832
96.35,14.09390695
96.4,14.09340558
96.45,14.09290422
96.5,14.09240285
96.55,14.09190149
96.6,14.09140012
96.65,14.09089876
96.7,14.09039739
96.75,14.08989602
96.8,14.08939466
96.85,14.08889329
96.9,14.08839193
96.95,14.08789056
97,14.08738919
97.05,14.08688783
97.1,14.08638646
97.15,14.0858851
97.2,14.08538373
97.25,14.08488236
97.3,14.084381
97.35,14.08387963
97.4,14.08337826
97.45,14.0828769
97.5,14.08237553
97.55,14.08187416
97.6,14.0813728
97.65,14.08087143
97.7,14.08037007
97.75,14.0798687
97.8,14.07936733
97.85,14.07886597
97.9,14.0783646
97.95,14.07786323
98,14.07736187
98.05,14.0768605
98.1,14.07635913
98.15,14.07585776
98.2,14.0753564
98.25,14.07485503
98.3,14.07435366
98.35,14.0738523
98.4,14.07335093
98.45,14.07284956
98.5,14.0723482
98.55,14.07184683
98.6,14.07134546
98.65,14.07084409
98.7,14.07034273
98.75,14.06984136
98.8,14.06933999
98.85,14.06883862
98.9,14.06833726
98.95,14.06783589
99,14.06733452
99.05,14.06683315
99.1,14.06633179
99.15,14.06583042
99.2,14.06532905
99.25,14.06482768
99.3,14.06432632
99.35,14.06382495
99.4,14.06332358
99.45,14.06282221
99.5,14.06232084
99.55,14.06181948
99.6,14.06131811
99.65,14.06081674
99.7,14.06031537
99.75,14.059814
99.8,14.05931264
99.85,14.05881127
99.9,14.0583099
99.95,14.05780853
100,14.05730716
100.05,14.0568058
100.1,14.05630443
100.15,14.05580306
100.2,14.05530169
100.25,14.05480032
100.3,14.05429895
100.35,14.05379758
100.4,14.05329622
100.45,14.05279485
100.5,14.05229348
100.55,14.05179211
100.6,14.05129074
100.65,14.05078937
100.7,14.050288
100.75,14.04978664
100.8,14.04928527
100.85,14.0487839
100.9,14.04828253
100.95,14.04778116
101,14.04727979
101.05,14.04677842
101.1,14.04627705
101.15,14.04577568
101.2,14.04527431
101.25,14.04477295
101.3,14.04427158
101.35,14.04377021
101.4,14.04326884
101.45,14.04276747
101.5,14.0422661
101.55,14.04176473
101.6,14.04126336
101.65,14.04076199
101.7,14.04026062
101.75,14.03975925
101.8,14.03925788
101.85,14.03875651
101.9,14.03825514
101.95,14.03775377
102,14.0372524
102.05,14.03675103
102.1,14.03624966
102.15,14.03574829
102.2,14.03524692
102.25,14.03474555
102.3,14.03424418
102.35,14.03374281
102.4,14.03324144
102.45,14.03274007
102.5,14.0322387
102.55,14.03173733
102.6,14.03123596
102.65,14.03073459
102.7,14.03023322
102.75,14.02973185
102.8,14.02923048
102.85,14.02872911
102.9,14.02822774
102.95,14.02772637
103,14.027225
103.05,14.02672363
103.1,14.02622226
103.15,14.02572089
103.2,14.02521952
103.25,14.02471815
103.3,14.02421678
103.35,14.02371541
103.4,14.02321404
103.45,14.02271266
103.5,14.02221129
103.55,14.02170992
103.6,14.02120855
103.65,14.02070718
103.7,14.02020581
103.75,14.01970444
103.8,14.01920307
103.85,14.0187017
103.9,14.01820033
103.95,14.01769895
104,14.01719758
104.05,14.01669621
104.1,14.01619484
104.15,14.01569347
104.2,14.0151921
104.25,14.01469073
104.3,14.01418936
104.35,14.01368798
104.4,14.01318661
104.45,14.01268524
104.5,14.01218387
104.55,14.0116825
104.6,14.01118113
104.65,14.01067975
104.7,14.01017838
104.75,14.00967701
104.8,14.00917564
104.85,14.00867427
104.9,14.0081729
104.95,14.00767152
105,14.00717015
105.05,14.00666878
105.1,14.00616741
105.15,14.00566604
105.2,14.00516466
105.25,14.00466329
105.3,14.00416192
105.35,14.00366055
105.4,14.00315918
105.45,14.0026578
105.5,14.00215643
105.55,14.00165506
105.6,14.00115369
105.65,14.00065231
105.7,14.00015094
105.75,13.99964957
105.8,13.9991482
105.85,13.99864682
105.9,13.99814545
105.95,13.99764408
106,13.99714271
106.05,13.99664133
106.1,13.99613996
106.15,13.99563859
106.2,13.99513721
106.25,13.99463584
106.3,13.99413447
106.35,13.9936331
106.4,13.99313172
106.45,13.99263035
106.5,13.99212898
106.55,13.9916276
106.6,13.99112623
106.65,13.99062486
106.7,13.99012348
106.75,13.98962211
106.8,13.98912074
106.85,13.98861936
106.9,13.98811799
106.95,13.98761662
107,13.98711524
107.05,13.98661387
107.1,13.9861125
107.15,13.98561112
107.2,13.98510975
107.25,13.98460838
107.3,13.984107
107.35,13.98360563
107.4,13.98310426
107.45,13.98260288
107.5,13.98210151
107.55,13.98160013
107.6,13.98109876
107.65,13.98059739
107.7,13.98009601
107.75,13.97959464
107.8,13.97909326
107.85,13.97859189
107.9,13.97809052
107.95,13.97758914
108,13.97708777
108.05,13.97658639
108.1,13.97608502
108.15,13.97558364
108.2,13.97508227
108.25,13.9745809
108.3,13.97407952
108.35,13.97357815
108.4,13.97307677
108.45,13.9725754
108.5,13.97207402
108.55,13.97157265
108.6,13.97107127
108.65,13.9705699
108.7,13.97006853
108.75,13.96956715
108.8,13.96906578
108.85,13.9685644
108.9,13.96806303
108.95,13.96756165
109,13.96706028
109.05,13.9665589
109.1,13.96605753
109.15,13.96555615
109.2,13.96505478
109.25,13.9645534
109.3,13.96405203
109.35,13.96355065
109.4,13.96304928
109.45,13.9625479
109.5,13.96204653
109.55,13.96154515
109.6,13.96104377
109.65,13.9605424
109.7,13.96004102
109.75,13.95953965
109.8,13.95903827
109.85,13.9585369
109.9,13.95803552
109.95,13.95753415
110,13.95703277
110.05,13.95653139
110.1,13.95603002
110.15,13.95552864
110.2,13.95502727
110.25,13.95452589
110.3,13.95402452
110.35,13.95352314
110.4,13.95302176
110.45,13.95252039
110.5,13.95201901
110.55,13.95151764
110.6,13.95101626
110.65,13.95051488
110.7,13.95001351
110.75,13.94951213
110.8,13.94901076
110.85,13.94850938
110.9,13.948008
110.95,13.94750663
111,13.94700525
111.05,13.94650387
111.1,13.9460025
111.15,13.94550112
111.2,13.94499974
111.25,13.94449837
111.3,13.94399699
111.35,13.94349561
111.4,13.94299424
111.45,13.94249286
111.5,13.94199148
111.55,13.94149011
111.6,13.94098873
111.65,13.94048735
111.7,13.93998598
111.75,13.9394846
111.8,13.93898322
111.85,13.93848185
111.9,13.93798047
111.95,13.93747909
112,13.93697771
112.05,13.93647634
112.1,13.93597496
112.15,13.93547358
112.2,13.93497221
112.25,13.93447083
112.3,13.93396945
112.35,13.93346807
112.4,13.9329667
112.45,13.93246532
112.5,13.93196394
112.55,13.93146256
112.6,13.93096119
112.65,13.93045981
112.7,13.92995843
112.75,13.92945705
112.8,13.92895568
112.85,13.9284543
112.9,13.92795292
112.95,13.92745154
113,13.92695016
113.05,13.92644879
113.1,13.92594741
113.15,13.92544603
113.2,13.92494465
113.25,13.92444327
113.3,13.9239419
113.35,13.92344052
113.4,13.92293914
113.45,13.92243776
113.5,13.92193638
113.55,13.921435
113.6,13.92093363
113.65,13.92043225
113.7,13.91993087
113.75,13.91942949
113.8,13.91892811
113.85,13.91842673
113.9,13.91792536
113.95,13.91742398
114,13.9169226
114.05,13.91642122
114.1,13.91591984
114.15,13.91541846
114.2,13.91491708
114.25,13.9144157
114.3,13.91391433
114.35,13.91341295
114.4,13.91291157
114.45,13.91241019
114.5,13.91190881
114.55,13.91140743
114.6,13.91090605
114.65,13.91040467
114.7,13.90990329
114.75,13.90940191
114.8,13.90890054
114.85,13.90839916
114.9,13.90789778
114.95,13.9073964
115,13.90689502
115.05,13.90639364
115.1,13.90589226
115.15,13.90539088
115.2,13.9048895
115.25,13.90438812
115.3,13.90388674
115.35,13.90338536
115.4,13.90288398
115.45,13.9023826
115.5,13.90188122
115.55,13.90137984
115.6,13.90087846
115.65,13.90037708
115.7,13.8998757
115.75,13.89937432
115.8,13.89887294
115.85,13.89837156
115.9,13.89787018
115.95,13.8973688
116,13.89686742
116.05,13.89636604
116.1,13.89586466
116.15,13.89536328
116.2,13.8948619
116.25,13.89436052
116.3,13.89385914
116.35,13.89335776
116.4,13.89285638
116.45,13.892355
116.5,13.89185362
116.55,13.89135224
116.6,13.89085086
116.65,13.89034948
116.7,13.8898481
116.75,13.88934672
116.8,13.88884534
116.85,13.88834395
116.9,13.88784257
116.95,13.88734119
117,13.88683981
117.05,13.88633843
117.1,13.88583705
117.15,13.88533567
117.2,13.88483429
117.25,13.88433291
117.3,13.88383153
117.35,13.88333015
117.4,13.88282876
117.45,13.88232738
117.5,13.881826
117.55,13.88132462
117.6,13.88082324
117.65,13.88032186
117.7,13.87982048
117.75,13.87931909
117.8,13.87881771
117.85,13.87831633
117.9,13.87781495
117.95,13.87731357
118,13.87681219
118.05,13.87631081
118.1,13.87580942
118.15,13.87530804
118.2,13.87480666
118.25,13.87430528
118.3,13.8738039
118.35,13.87330251
118.4,13.87280113
118.45,13.87229975
118.5,13.87179837
118.55,13.87129699
118.6,13.8707956
118.65,13.87029422
118.7,13.86979284
118.75,13.86929146
118.8,13.86879008
118.85,13.86828869
118.9,13.86778731
118.95,13.86728593
119,13.86678455
119.05,13.86628316
119.1,13.86578178
119.15,13.8652804
119.2,13.86477902
119.25,13.86427763
119.3,13.86377625
119.35,13.86327487
119.4,13.86277349
119.45,13.8622721
119.5,13.86177072
119.55,13.86126934
119.6,13.86076796
119.65,13.86026657
119.7,13.85976519
119.75,13.85926381
119.8,13.85876242
119.85,13.85826104
119.9,13.85775966
119.95,13.85725827
120,13.85675689
120.05,13.85625551
120.1,13.85575413
120.15,13.85525274
120.2,13.85475136
120.25,13.85424998
120.3,13.85374859
120.35,13.85324721
120.4,13.85274583
120.45,13.85224444
120.5,13.85174306
120.55,13.85124167
120.6,13.85074029
120.65,13.85023891
120.7,13.84973752
120.75,13.84923614
120.8,13.84873476
120.85,13.84823337
120.9,13.84773199
120.95,13.84723061
121,13.84672922
121.05,13.84622784
121.1,13.84572645
121.15,13.84522507
121.2,13.84472369
121.25,13.8442223
121.3,13.84372092
121.35,13.84321953
121.4,13.84271815
121.45,13.84221676
121.5,13.84171538
121.55,13.841214
121.6,13.84071261
121.65,13.84021123
121.7,13.83970984
121.75,13.83920846
121.8,13.83870707
121.85,13.83820569
121.9,13.83770431
121.95,13.83720292
122,13.83670154
122.05,13.83620015
122.1,13.83569877
122.15,13.83519738
122.2,13.834696
122.25,13.83419461
122.3,13.83369323
122.35,13.83319184
122.4,13.83269046
122.45,13.83218907
122.5,13.83168769
122.55,13.8311863
122.6,13.83068492
122.65,13.83018353
122.7,13.82968215
122.75,13.82918076
122.8,13.82867938
122.85,13.82817799
122.9,13.82767661
122.95,13.82717522
123,13.82667384
123.05,13.82617245
123.1,13.82567106
123.15,13.82516968
123.2,13.82466829
123.25,13.82416691
123.3,13.82366552
123.35,13.82316414
123.4,13.82266275
123.45,13.82216137
123.5,13.82165998
123.55,13.82115859
123.6,13.82065721
123.65,13.82015582
123.7,13.81965444
123.75,13.81915305
123.8,13.81865166
123.85,13.81815028
123.9,13.81764889
123.95,13.81714751
124,13.81664612
124.05,13.81614473
124.1,13.81564335
124.15,13.81514196
124.2,13.81464058
124.25,13.81413919
124.3,13.8136378
124.35,13.81313642
124.4,13.81263503
124.45,13.81213364
124.5,13.81163226
124.55,13.81113087
124.6,13.81062948
124.65,13.8101281
124.7,13.80962671
124.75,13.80912532
124.8,13.80862394
124.85,13.80812255
124.9,13.80762116
124.95,13.80711978
125,13.80661839
125.05,13.806117
125.1,13.80561562
125.15,13.80511423
125.2,13.80461284
125.25,13.80411145
125.3,13.80361007
125.35,13.80310868
125.4,13.80260729
125.45,13.80210591
125.5,13.80160452
125.55,13.80110313
125.6,13.80060174
125.65,13.80010036
125.7,13.79959897
125.75,13.79909758
125.8,13.79859619
125.85,13.79809481
125.9,13.79759342
125.95,13.79709203
126,13.79659064
126.05,13.79608926
126.1,13.79558787
126.15,13.79508648
126.2,13.79458509
126.25,13.79408371
126.3,13.79358232
126.35,13.79308093
126.4,13.79257954
126.45,13.79207815
126.5,13.79157677
126.55,13.79107538
126.6,13.79057399
126.65,13.7900726
126.7,13.78957121
126.75,13.78906982
126.8,13.78856844
126.85,13.78806705
126.9,13.78756566
126.95,13.78706427
127,13.78656288
127.05,13.78606149
127.1,13.78556011
127.15,13.78505872
127.2,13.78455733
127.25,13.78405594
127.3,13.78355455
127.35,13.78305316
127.4,13.78255177
127.45,13.78205039
127.5,13.781549
127.55,13.78104761
127.6,13.78054622
127.65,13.78004483
127.7,13.77954344
127.75,13.77904205
127.8,13.77854066
127.85,13.77803927
127.9,13.77753789
127.95,13.7770365
128,13.77653511
128.05,13.77603372
128.1,13.77553233
128.15,13.77503094
128.2,13.77452955
128.25,13.77402816
128.3,13.77352677
128.35,13.77302538
128.4,13.77252399
128.45,13.7720226
128.5,13.77152121
128.55,13.77101982
128.6,13.77051843
128.65,13.77001704
128.7,13.76951565
128.75,13.76901427
128.8,13.76851288
128.85,13.76801149
128.9,13.7675101
128.95,13.76700871
129,13.76650732
129.05,13.76600593
129.1,13.76550454
129.15,13.76500315
129.2,13.76450176
129.25,13.76400037
129.3,13.76349898
129.35,13.76299759
129.4,13.7624962
129.45,13.76199481
129.5,13.76149341
129.55,13.76099202
129.6,13.76049063
129.65,13.75998924
129.7,13.75948785
129.75,13.75898646
129.8,13.75848507
129.85,13.75798368
129.9,13.75748229
129.95,13.7569809
130,13.75647951
130.05,13.75597812
130.1,13.75547673
130.15,13.75497534
130.2,13.75447395
130.25,13.75397256
130.3,13.75347116
130.35,13.75296977
130.4,13.75246838
130.45,13.75196699
130.5,13.7514656
130.55,13.75096421
130.6,13.75046282
130.65,13.74996143
130.7,13.74946004
130.75,13.74895865
130.8,13.74845725
130.85,13.74795586
130.9,13.74745447
130.95,13.74695308
131,13.74645169
131.05,13.7459503
131.1,13.74544891
131.15,13.74494751
131.2,13.74444612
131.25,13.74394473
131.3,13.74344334
131.35,13.74294195
131.4,13.74244056
131.45,13.74193916
131.5,13.74143777
131.55,13.74093638
131.6,13.74043499
131.65,13.7399336
131.7,13.7394322
131.75,13.73893081
131.8,13.73842942
131.85,13.73792803
131.9,13.73742664
131.95,13.73692524
132,13.73642385
132.05,13.73592246
132.1,13.73542107
132.15,13.73491967
132.2,13.73441828
132.25,13.73391689
132.3,13.7334155
132.35,13.73291411
132.4,13.73241271
132.45,13.73191132
132.5,13.73140993
132.55,13.73090854
132.6,13.73040714
132.65,13.72990575
132.7,13.72940436
132.75,13.72890296
132.8,13.72840157
132.85,13.72790018
132.9,13.72739879
132.95,13.72689739
133,13.726396
133.05,13.72589461
133.1,13.72539321
133.15,13.72489182
133.2,13.72439043
133.25,13.72388903
133.3,13.72338764
133.35,13.72288625
133.4,13.72238485
133.45,13.72188346
133.5,13.72138207
133.55,13.72088067
133.6,13.72037928
133.65,13.71987789
133.7,13.71937649
133.75,13.7188751
133.8,13.71837371
133.85,13.71787231
133.9,13.71737092
133.95,13.71686953
134,13.71636813
134.05,13.71586674
134.1,13.71536535
134.15,13.71486395
134.2,13.71436256
134.25,13.71386116
134.3,13.71335977
134.35,13.71285838
134.4,13.71235698
134.45,13.71185559
134.5,13.71135419
134.55,13.7108528
134.6,13.71035141
134.65,13.70985001
134.7,13.70934862
134.75,13.70884722
134.8,13.70834583
134.85,13.70784443
134.9,13.70734304
134.95,13.70684164
135,13.70634025
135.05,13.70583886
135.1,13.70533746
135.15,13.70483607
135.2,13.70433467
135.25,13.70383328
135.3,13.70333188
135.35,13.70283049
135.4,13.70232909
135.45,13.7018277
135.5,13.7013263
135.55,13.70082491
135.6,13.70032351
135.65,13.69982212
135.7,13.69932072
135.75,13.69881933
135.8,13.69831793
135.85,13.69781654
135.9,13.69731514
135.95,13.69681375
136,13.69631235
136.05,13.69581096
136.1,13.69530956
136.15,13.69480817
136.2,13.69430677
136.25,13.69380538
136.3,13.69330398
136.35,13.69280259
136.4,13.69230119
136.45,13.69179979
136.5,13.6912984
136.55,13.690797
136.6,13.69029561
136.65,13.68979421
136.7,13.68929282
136.75,13.68879142
136.8,13.68829002
136.85,13.68778863
136.9,13.68728723
136.95,13.68678584
137,13.68628444
137.05,13.68578304
137.1,13.68528165
137.15,13.68478025
137.2,13.68427886
137.25,13.68377746
137.3,13.68327606
137.35,13.68277467
137.4,13.68227327
137.45,13.68177187
137.5,13.68127048
137.55,13.68076908
137.6,13.68026768
137.65,13.67976629
137.7,13.67926489
137.75,13.6787635
137.8,13.6782621
137.85,13.6777607
137.9,13.67725931
137.95,13.67675791
138,13.67625651
138.05,13.67575511
138.1,13.67525372
138.15,13.67475232
138.2,13.67425092
138.25,13.67374953
138.3,13.67324813
138.35,13.67274673
138.4,13.67224534
138.45,13.67174394
138.5,13.67124254
138.55,13.67074114
138.6,13.67023975
138.65,13.66973835
138.7,13.66923695
138.75,13.66873556
138.8,13.66823416
138.85,13.66773276
138.9,13.66723136
138.95,13.66672997
139,13.66622857
139.05,13.66572717
139.1,13.66522577
139.15,13.66472438
139.2,13.66422298
139.25,13.66372158
139.3,13.66322018
139.35,13.66271878
139.4,13.66221739
139.45,13.66171599
139.5,13.66121459
139.55,13.66071319
139.6,13.66021179
139.65,13.6597104
139.7,13.659209
139.75,13.6587076
139.8,13.6582062
139.85,13.6577048
139.9,13.65720341
139.95,13.65670201
140,13.65620061
140.05,13.65569921
140.1,13.65519781
140.15,13.65469641
140.2,13.65419502
140.25,13.65369362
140.3,13.65319222
140.35,13.65269082
140.4,13.65218942
140.45,13.65168802
140.5,13.65118662
140.55,13.65068523
140.6,13.65018383
140.65,13.64968243
140.7,13.64918103
140.75,13.64867963
140.8,13.64817823
140.85,13.64767683
140.9,13.64717543
140.95,13.64667403
141,13.64617264
141.05,13.64567124
141.1,13.64516984
141.15,13.64466844
141.2,13.64416704
141.25,13.64366564
141.3,13.64316424
141.35,13.64266284
141.4,13.64216144
141.45,13.64166004
141.5,13.64115864
141.55,13.64065724
141.6,13.64015584
141.65,13.63965444
141.7,13.63915304
141.75,13.63865164
141.8,13.63815024
141.85,13.63764884
141.9,13.63714745
141.95,13.63664605
142,13.63614465
142.05,13.63564325
142.1,13.63514185
142.15,13.63464045
142.2,13.63413905
142.25,13.63363765
142.3,13.63313625
142.35,13.63263485
142.4,13.63213345
142.45,13.63163205
142.5,13.63113064
142.55,13.63062924
142.6,13.63012784
142.65,13.62962644
142.7,13.62912504
142.75,13.62862364
142.8,13.62812224
142.85,13.62762084
142.9,13.62711944
142.95,13.62661804
143,13.62611664
143.05,13.62561524
143.1,13.62511384
143.15,13.62461244
143.2,13.62411104
143.25,13.62360964
143.3,13.62310824
143.35,13.62260684
143.4,13.62210543
143.45,13.62160403
143.5,13.62110263
143.55,13.62060123
143.6,13.62009983
143.65,13.61959843
143.7,13.61909703
143.75,13.61859563
143.8,13.61809423
143.85,13.61759282
143.9,13.61709142
143.95,13.61659002
144,13.61608862
144.05,13.61558722
144.1,13.61508582
144.15,13.61458442
144.2,13.61408301
144.25,13.61358161
144.3,13.61308021
144.35,13.61257881
144.4,13.61207741
144.45,13.61157601
144.5,13.6110746
144.55,13.6105732
144.6,13.6100718
144.65,13.6095704
144.7,13.609069
144.75,13.60856759
144.8,13.60806619
144.85,13.60756479
144.9,13.60706339
144.95,13.60656199
145,13.60606058
145.05,13.60555918
145.1,13.60505778
145.15,13.60455638
145.2,13.60405498
145.25,13.60355357
145.3,13.60305217
145.35,13.60255077
145.4,13.60204937
145.45,13.60154796
145.5,13.60104656
145.55,13.60054516
145.6,13.60004376
145.65,13.59954235
145.7,13.59904095
145.75,13.59853955
145.8,13.59803814
145.85,13.59753674
145.9,13.59703534
145.95,13.59653394
146,13.59603253
146.05,13.59553113
146.1,13.59502973
146.15,13.59452832
146.2,13.59402692
146.25,13.59352552
146.3,13.59302411
146.35,13.59252271
146.4,13.59202131
146.45,13.5915199
146.5,13.5910185
146.55,13.5905171
146.6,13.59001569
146.65,13.58951429
146.7,13.58901289
146.75,13.58851148
146.8,13.58801008
146.85,13.58750868
146.9,13.58700727
146.95,13.58650587
147,13.58600447
147.05,13.58550306
147.1,13.58500166
147.15,13.58450025
147.2,13.58399885
147.25,13.58349745
147.3,13.58299604
147.35,13.58249464
147.4,13.58199324
147.45,13.58149183
147.5,13.58099043
147.55,13.58048902
147.6,13.57998762
147.65,13.57948621
147.7,13.57898481
147.75,13.57848341
147.8,13.577982
147.85,13.5774806
147.9,13.57697919
147.95,13.57647779
148,13.57597638
148.05,13.57547498
148.1,13.57497358
148.15,13.57447217
148.2,13.57397077
148.25,13.57346936
148.3,13.57296796
148.35,13.57246655
148.4,13.57196515
148.45,13.57146374
148.5,13.57096234
148.55,13.57046093
148.6,13.56995953
148.65,13.56945812
148.7,13.56895672
148.75,13.56845531
148.8,13.56795391
148.85,13.5674525
148.9,13.5669511
148.95,13.56644969
149,13.56594829
149.05,13.56544688
149.1,13.56494548
149.15,13.56444407
149.2,13.56394267
149.25,13.56344126
149.3,13.56293985
149.35,13.56243845
149.4,13.56193704
149.45,13.56143564
149.5,13.56093423
149.55,13.56043283
149.6,13.55993142
149.65,13.55943001
149.7,13.55892861
149.75,13.5584272
149.8,13.5579258
149.85,13.55742439
149.9,13.55692299
149.95,13.55642158
150,13.55592017
150.05,13.55541877
150.1,13.55491736
150.15,13.55441595
150.2,13.55391455
150.25,13.55341314
150.3,13.55291174
150.35,13.55241033
150.4,13.55190892
150.45,13.55140752
150.5,13.55090611
150.55,13.5504047
150.6,13.5499033
150.65,13.54940189
150.7,13.54890048
150.75,13.54839908
150.8,13.54789767
150.85,13.54739626
150.9,13.54689486
150.95,13.54639345
151,13.54589204
151.05,13.54539064
151.1,13.54488923
151.15,13.54438782
151.2,13.54388642
151.25,13.54338501
151.3,13.5428836
151.35,13.5423822
151.4,13.54188079
151.45,13.54137938
151.5,13.54087797
151.55,13.54037657
151.6,13.53987516
151.65,13.53937375
151.7,13.53887235
151.75,13.53837094
151.8,13.53786953
151.85,13.53736812
151.9,13.53686672
151.95,13.53636531
152,13.5358639
152.05,13.53536249
152.1,13.53486109
152.15,13.53435968
152.2,13.53385827
152.25,13.53335686
152.3,13.53285545
152.35,13.53235405
152.4,13.53185264
152.45,13.53135123
152.5,13.53084982
152.55,13.53034841
152.6,13.52984701
152.65,13.5293456
152.7,13.52884419
152.75,13.52834278
152.8,13.52784137
152.85,13.52733997
152.9,13.52683856
152.95,13.52633715
153,13.52583574
153.05,13.52533433
153.1,13.52483292
153.15,13.52433152
153.2,13.52383011
153.25,13.5233287
153.3,13.52282729
153.35,13.52232588
153.4,13.52182447
153.45,13.52132306
153.5,13.52082165
153.55,13.52032025
153.6,13.51981884
153.65,13.51931743
153.7,13.51881602
153.75,13.51831461
153.8,13.5178132
153.85,13.51731179
153.9,13.51681038
153.95,13.51630897
154,13.51580757
154.05,13.51530616
154.1,13.51480475
154.15,13.51430334
154.2,13.51380193
154.25,13.51330052
154.3,13.51279911
154.35,13.5122977
154.4,13.51179629
154.45,13.51129488
154.5,13.51079347
154.55,13.51029206
154.6,13.50979065
154.65,13.50928924
154.7,13.50878783
154.75,13.50828642
154.8,13.50778501
154.85,13.5072836
154.9,13.50678219
154.95,13.50628078
155,13.50577937
155.05,13.50527796
155.1,13.50477655
155.15,13.50427514
155.2,13.50377373
155.25,13.50327232
155.3,13.50277091
155.35,13.5022695
155.4,13.50176809
155.45,13.50126668
155.5,13.50076527
155.55,13.50026386
155.6,13.49976245
155.65,13.49926104
155.7,13.49875963
155.75,13.49825822
155.8,13.49775681
155.85,13.4972554
155.9,13.49675399
155.95,13.49625258
156,13.49575117
156.05,13.49524976
156.1,13.49474835
156.15,13.49424694
156.2,13.49374552
156.25,13.49324411
156.3,13.4927427
156.35,13.49224129
156.4,13.49173988
156.45,13.49123847
156.5,13.49073706
156.55,13.49023565
156.6,13.48973424
156.65,13.48923282
156.7,13.48873141
156.75,13.48823
156.8,13.48772859
156.85,13.48722718
156.9,13.48672577
156.95,13.48622436
157,13.48572295
157.05,13.48522153
157.1,13.48472012
157.15,13.48421871
157.2,13.4837173
157.25,13.48321589
157.3,13.48271448
157.35,13.48221306
157.4,13.48171165
157.45,13.48121024
157.5,13.48070883
157.55,13.48020742
157.6,13.479706
157.65,13.47920459
157.7,13.47870318
157.75,13.47820177
157.8,13.47770036
157.85,13.47719894
157.9,13.47669753
157.95,13.47619612
158,13.47569471
158.05,13.4751933
158.1,13.47469188
158.15,13.47419047
158.2,13.47368906
158.25,13.47318765
158.3,13.47268623
158.35,13.47218482
158.4,13.47168341
158.45,13.471182
158.5,13.47068058
158.55,13.47017917
158.6,13.46967776
158.65,13.46917634
158.7,13.46867493
158.75,13.46817352
158.8,13.46767211
158.85,13.46717069
158.9,13.46666928
158.95,13.46616787
159,13.46566645
159.05,13.46516504
159.1,13.46466363
159.15,13.46416221
159.2,13.4636608
159.25,13.46315939
159.3,13.46265797
159.35,13.46215656
159.4,13.46165515
159.45,13.46115373
159.5,13.46065232
159.55,13.46015091
159.6,13.45964949
159.65,13.45914808
159.7,13.45864667
159.75,13.45814525
159.8,13.45764384
159.85,13.45714243
159.9,13.45664101
159.95,13.4561396
160,13.45563818
160.05,13.45513677
160.1,13.45463536
160.15,13.45413394
160.2,13.45363253
160.25,13.45313112
160.3,13.4526297
160.35,13.45212829
160.4,13.45162687
160.45,13.45112546
160.5,13.45062404
160.55,13.45012263
160.6,13.44962122
160.65,13.4491198
160.7,13.44861839
160.75,13.44811697
160.8,13.44761556
160.85,13.44711414
160.9,13.44661273
160.95,13.44611131
161,13.4456099
161.05,13.44510849
161.1,13.44460707
161.15,13.44410566
161.2,13.44360424
161.25,13.44310283
161.3,13.44260141
161.35,13.4421
161.4,13.44159858
161.45,13.44109717
161.5,13.44059575
161.55,13.44009434
161.6,13.43959292
161.65,13.43909151
161.7,13.43859009
161.75,13.43808868
161.8,13.43758726
161.85,13.43708585
161.9,13.43658443
161.95,13.43608301
162,13.4355816
162.05,13.43508018
162.1,13.43457877
162.15,13.43407735
162.2,13.43357594
162.25,13.43307452
162.3,13.43257311
162.35,13.43207169
162.4,13.43157027
162.45,13.43106886
162.5,13.43056744
162.55,13.43006603
162.6,13.42956461
162.65,13.4290632
162.7,13.42856178
162.75,13.42806036
162.8,13.42755895
162.85,13.42705753
162.9,13.42655612
162.95,13.4260547
163,13.42555328
163.05,13.42505187
163.1,13.42455045
163.15,13.42404903
163.2,13.42354762
163.25,13.4230462
163.3,13.42254479
163.35,13.42204337
163.4,13.42154195
163.45,13.42104054
163.5,13.42053912
163.55,13.4200377
163.6,13.41953629
163.65,13.41903487
163.7,13.41853345
163.75,13.41803204
163.8,13.41753062
163.85,13.4170292
163.9,13.41652778
163.95,13.41602637
164,13.41552495
164.05,13.41502353
164.1,13.41452212
164.15,13.4140207
164.2,13.41351928
164.25,13.41301787
164.3,13.41251645
164.35,13.41201503
164.4,13.41151361
164.45,13.4110122
164.5,13.41051078
164.55,13.41000936
164.6,13.40950794
164.65,13.40900653
164.7,13.40850511
164.75,13.40800369
164.8,13.40750227
164.85,13.40700086
164.9,13.40649944
164.95,13.40599802
165,13.4054966
165.05,13.40499519
165.1,13.40449377
165.15,13.40399235
165.2,13.40349093
165.25,13.40298951
165.3,13.4024881
165.35,13.40198668
165.4,13.40148526
165.45,13.40098384
165.5,13.40048242
165.55,13.39998101
165.6,13.39947959
165.65,13.39897817
165.7,13.39847675
165.75,13.39797533
165.8,13.39747391
165.85,13.3969725
165.9,13.39647108
165.95,13.39596966
166,13.39546824
166.05,13.39496682
166.1,13.3944654
166.15,13.39396398
166.2,13.39346256
166.25,13.39296115
166.3,13.39245973
166.35,13.39195831
166.4,13.39145689
166.45,13.39095547
166.5,13.39045405
166.55,13.38995263
166.6,13.38945121
166.65,13.38894979
166.7,13.38844838
166.75,13.38794696
166.8,13.38744554
166.85,13.38694412
166.9,13.3864427
166.95,13.38594128
167,13.38543986
167.05,13.38493844
167.1,13.38443702
167.15,13.3839356
167.2,13.38343418
167.25,13.38293276
167.3,13.38243134
167.35,13.38192992
167.4,13.3814285
167.45,13.38092708
167.5,13.38042566
167.55,13.37992424
167.6,13.37942282
167.65,13.37892141
167.7,13.37841999
167.75,13.37791857
167.8,13.37741715
167.85,13.37691573
167.9,13.37641431
167.95,13.37591289
168,13.37541146
168.05,13.37491004
168.1,13.37440862
168.15,13.3739072
168.2,13.37340578
168.25,13.37290436
168.3,13.37240294
168.35,13.37190152
168.4,13.3714001
168.45,13.37089868
168.5,13.37039726
168.55,13.36989584
168.6,13.36939442
168.65,13.368893
168.7,13.36839158
168.75,13.36789016
168.8,13.36738874
168.85,13.36688732
168.9,13.3663859
168.95,13.36588447
169,13.36538305
169.05,13.36488163
169.1,13.36438021
169.15,13.36387879
169.2,13.36337737
169.25,13.36287595
169.3,13.36237453
169.35,13.36187311
169.4,13.36137168
169.45,13.36087026
169.5,13.36036884
169.55,13.35986742
169.6,13.359366
169.65,13.35886458
169.7,13.35836316
169.75,13.35786174
169.8,13.35736031
169.85,13.35685889
169.9,13.35635747
169.95,13.35585605
170,13.35535463
170.05,13.35485321
170.1,13.35435178
170.15,13.35385036
170.2,13.35334894
170.25,13.35284752
170.3,13.3523461
170.35,13.35184467
170.4,13.35134325
170.45,13.35084183
170.5,13.35034041
170.55,13.34983899
170.6,13.34933756
170.65,13.34883614
170.7,13.34833472
170.75,13.3478333
170.8,13.34733187
170.85,13.34683045
170.9,13.34632903
170.95,13.34582761
171,13.34532618
171.05,13.34482476
171.1,13.34432334
171.15,13.34382192
171.2,13.34332049
171.25,13.34281907
171.3,13.34231765
171.35,13.34181623
171.4,13.3413148
171.45,13.34081338
171.5,13.34031196
171.55,13.33981053
171.6,13.33930911
171.65,13.33880769
171.7,13.33830626
171.75,13.33780484
171.8,13.33730342
171.85,13.336802
171.9,13.33630057
171.95,13.33579915
172,13.33529773
172.05,13.3347963
172.1,13.33429488
172.15,13.33379346
172.2,13.33329203
172.25,13.33279061
172.3,13.33228918
172.35,13.33178776
172.4,13.33128634
172.45,13.33078491
172.5,13.33028349
172.55,13.32978207
172.6,13.32928064
172.65,13.32877922
172.7,13.32827779
172.75,13.32777637
172.8,13.32727495
172.85,13.32677352
172.9,13.3262721
172.95,13.32577067
173,13.32526925
173.05,13.32476783
173.1,13.3242664
173.15,13.32376498
173.2,13.32326355
173.25,13.32276213
173.3,13.32226071
173.35,13.32175928
173.4,13.32125786
173.45,13.32075643
173.5,13.32025501
173.55,13.31975358
173.6,13.31925216
173.65,13.31875073
173.7,13.31824931
173.75,13.31774788
173.8,13.31724646
173.85,13.31674503
173.9,13.31624361
173.95,13.31574219
174,13.31524076
174.05,13.31473934
174.1,13.31423791
174.15,13.31373649
174.2,13.31323506
174.25,13.31273364
174.3,13.31223221
174.35,13.31173078
174.4,13.31122936
174.45,13.31072793
174.5,13.31022651
174.55,13.30972508
174.6,13.30922366
174.65,13.30872223
174.7,13.30822081
174.75,13.30771938
174.8,13.30721796
174.85,13.30671653
174.9,13.30621511
174.95,13.30571368
175,13.30521225
175.05,13.30471083
175.1,13.3042094
175.15,13.30370798
175.2,13.30320655
175.25,13.30270512
175.3,13.3022037
175.35,13.30170227
175.4,13.30120085
175.45,13.30069942
175.5,13.30019799
175.55,13.29969657
175.6,13.29919514
175.65,13.29869372
175.7,13.29819229
175.75,13.29769086
175.8,13.29718944
175.85,13.29668801
175.9,13.29618658
175.95,13.29568516
176,13.29518373
176.05,13.2946823
176.1,13.29418088
176.15,13.29367945
176.2,13.29317802
176.25,13.2926766
176.3,13.29217517
176.35,13.29167374
176.4,13.29117232
176.45,13.29067089
176.5,13.29016946
176.55,13.28966804
176.6,13.28916661
176.65,13.28866518
176.7,13.28816376
176.75,13.28766233
176.8,13.2871609
176.85,13.28665947
176.9,13.28615805
176.95,13.28565662
177,13.28515519
177.05,13.28465377
177.1,13.28415234
177.15,13.28365091
177.2,13.28314948
177.25,13.28264806
177.3,13.28214663
177.35,13.2816452
177.4,13.28114377
177.45,13.28064235
177.5,13.28014092
177.55,13.27963949
177.6,13.27913806
177.65,13.27863663
177.7,13.27813521
177.75,13.27763378
177.8,13.27713235
177.85,13.27663092
177.9,13.27612949
177.95,13.27562807
178,13.27512664
178.05,13.27462521
178.1,13.27412378
178.15,13.27362235
178.2,13.27312093
178.25,13.2726195
178.3,13.27211807
178.35,13.27161664
178.4,13.27111521
178.45,13.27061378
178.5,13.27011236
178.55,13.26961093
178.6,13.2691095
178.65,13.26860807
178.7,13.26810664
178.75,13.26760521
178.8,13.26710378
178.85,13.26660235
178.9,13.26610093
178.95,13.2655995
179,13.26509807
179.05,13.26459664
179.1,13.26409521
179.15,13.26359378
179.2,13.26309235
179.25,13.26259092
179.3,13.26208949
179.35,13.26158806
179.4,13.26108664
179.45,13.26058521
179.5,13.26008378
179.55,13.25958235
179.6,13.25908092
179.65,13.25857949
179.7,13.25807806
179.75,13.25757663
179.8,13.2570752
179.85,13.25657377
179.9,13.25607234
179.95,13.25557091
180,13.25506948
180.05,13.25456805
180.1,13.25406662
180.15,13.25356519
180.2,13.25306376
180.25,13.25256233
180.3,13.2520609
180.35,13.25155947
180.4,13.25105804
180.45,13.25055661
180.5,13.25005518
180.55,13.24955375
180.6,13.24905232
180.65,13.24855089
180.7,13.24804946
180.75,13.24754803
180.8,13.2470466
180.85,13.24654517
180.9,13.24604374
180.95,13.24554231
181,13.24504088
181.05,13.24453945
181.1,13.24403802
181.15,13.24353659
181.2,13.24303516
181.25,13.24253373
181.3,13.2420323
181.35,13.24153086
181.4,13.24102943
181.45,13.240528
181.5,13.24002657
181.55,13.23952514
181.6,13.23902371
181.65,13.23852228
181.7,13.23802085
181.75,13.23751942
181.8,13.23701799
181.85,13.23651655
181.9,13.23601512
181.95,13.23551369
182,13.23501226
182.05,13.23451083
182.1,13.2340094
182.15,13.23350797
182.2,13.23300654
182.25,13.2325051
182.3,13.23200367
182.35,13.23150224
182.4,13.23100081
182.45,13.23049938
182.5,13.22999795
182.55,13.22949651
182.6,13.22899508
182.65,13.22849365
182.7,13.22799222
182.75,13.22749079
182.8,13.22698935
182.85,13.22648792
182.9,13.22598649
182.95,13.22548506
183,13.22498363
183.05,13.22448219
183.1,13.22398076
183.15,13.22347933
183.2,13.2229779
183.25,13.22247646
183.3,13.22197503
183.35,13.2214736
183.4,13.22097217
183.45,13.22047074
183.5,13.2199693
183.55,13.21946787
183.6,13.21896644
183.65,13.218465
183.7,13.21796357
183.75,13.21746214
183.8,13.21696071
183.85,13.21645927
183.9,13.21595784
183.95,13.21545641
184,13.21495498
184.05,13.21445354
184.1,13.21395211
184.15,13.21345068
184.2,13.21294924
184.25,13.21244781
184.3,13.21194638
184.35,13.21144494
184.4,13.21094351
184.45,13.21044208
184.5,13.20994064
184.55,13.20943921
184.6,13.20893778
184.65,13.20843634
184.7,13.20793491
184.75,13.20743348
184.8,13.20693204
184.85,13.20643061
184.9,13.20592918
184.95,13.20542774
185,13.20492631
185.05,13.20442487
185.1,13.20392344
185.15,13.20342201
185.2,13.20292057
185.25,13.20241914
185.3,13.20191771
185.35,13.20141627
185.4,13.20091484
185.45,13.2004134
185.5,13.19991197
185.55,13.19941053
185.6,13.1989091
185.65,13.19840767
185.7,13.19790623
185.75,13.1974048
185.8,13.19690336
185.85,13.19640193
185.9,13.19590049
185.95,13.19539906
186,13.19489763
186.05,13.19439619
186.1,13.19389476
186.15,13.19339332
186.2,13.19289189
186.25,13.19239045
186.3,13.19188902
186.35,13.19138758
186.4,13.19088615
186.45,13.19038471
186.5,13.18988328
186.55,13.18938184
186.6,13.18888041
186.65,13.18837897
186.7,13.18787754
186.75,13.1873761
186.8,13.18687467
186.85,13.18637323
186.9,13.1858718
186.95,13.18537036
187,13.18486893
187.05,13.18436749
187.1,13.18386606
187.15,13.18336462
187.2,13.18286318
187.25,13.18236175
187.3,13.18186031
187.35,13.18135888
187.4,13.18085744
187.45,13.18035601
187.5,13.17985457
187.55,13.17935313
187.6,13.1788517
187.65,13.17835026
187.7,13.17784883
187.75,13.17734739
187.8,13.17684596
187.85,13.17634452
187.9,13.17584308
187.95,13.17534165
188,13.17484021
188.05,13.17433877
188.1,13.17383734
188.15,13.1733359
188.2,13.17283447
188.25,13.17233303
188.3,13.17183159
188.35,13.17133016
188.4,13.17082872
188.45,13.17032728
188.5,13.16982585
188.55,13.16932441
188.6,13.16882297
188.65,13.16832154
188.7,13.1678201
188.75,13.16731866
188.8,13.16681723
188.85,13.16631579
188.9,13.16581435
188.95,13.16531292
189,13.16481148
189.05,13.16431004
189.1,13.16380861
189.15,13.16330717
189.2,13.16280573
189.25,13.16230429
189.3,13.16180286
189.35,13.16130142
189.4,13.16079998
189.45,13.16029855
189.5,13.15979711
189.55,13.15929567
189.6,13.15879423
189.65,13.1582928
189.7,13.15779136
189.75,13.15728992
189.8,13.15678848
189.85,13.15628704
189.9,13.15578561
189.95,13.15528417
190,13.15478273
190.05,13.15428129
190.1,13.15377986
190.15,13.15327842
190.2,13.15277698
190.25,13.15227554
190.3,13.1517741
190.35,13.15127267
190.4,13.15077123
190.45,13.15026979
190.5,13.14976835
190.55,13.14926691
190.6,13.14876548
190.65,13.14826404
190.7,13.1477626
190.75,13.14726116
190.8,13.14675972
190.85,13.14625828
190.9,13.14575684
190.95,13.14525541
191,13.14475397
191.05,13.14425253
191.1,13.14375109
191.15,13.14324965
191.2,13.14274821
191.25,13.14224677
191.3,13.14174534
191.35,13.1412439
191.4,13.14074246
191.45,13.14024102
191.5,13.13973958
191.55,13.13923814
191.6,13.1387367
191.65,13.13823526
191.7,13.13773382
191.75,13.13723238
191.8,13.13673094
191.85,13.13622951
191.9,13.13572807
191.95,13.13522663
192,13.13472519
192.05,13.13422375
192.1,13.13372231
192.15,13.13322087
192.2,13.13271943
192.25,13.13221799
192.3,13.13171655
192.35,13.13121511
192.4,13.13071367
192.45,13.13021223
192.5,13.12971079
192.55,13.12920935
192.6,13.12870791
192.65,13.12820647
192.7,13.12770503
192.75,13.12720359
192.8,13.12670215
192.85,13.12620071
192.9,13.12569927
192.95,13.12519783
193,13.12469639
193.05,13.12419495
193.1,13.12369351
193.15,13.12319207
193.2,13.12269063
193.25,13.12218919
193.3,13.12168775
193.35,13.12118631
193.4,13.12068487
193.45,13.12018343
193.5,13.11968199
193.55,13.11918055
193.6,13.11867911
193.65,13.11817766
193.7,13.11767622
193.75,13.11717478
193.8,13.11667334
193.85,13.1161719
193.9,13.11567046
193.95,13.11516902
194,13.11466758
194.05,13.11416614
194.1,13.1136647
194.15,13.11316326
194.2,13.11266181
194.25,13.11216037
194.3,13.11165893
194.35,13.11115749
194.4,13.11065605
194.45,13.11015461
194.5,13.10965317
194.55,13.10915172
194.6,13.10865028
194.65,13.10814884
194.7,13.1076474
194.75,13.10714596
194.8,13.10664452
194.85,13.10614307
194.9,13.10564163
194.95,13.10514019
195,13.10463875
195.05,13.10413731
195.1,13.10363587
195.15,13.10313442
195.2,13.10263298
195.25,13.10213154
195.3,13.1016301
195.35,13.10112866
195.4,13.10062721
195.45,13.10012577
195.5,13.09962433
195.55,13.09912289
195.6,13.09862144
195.65,13.09812
195.7,13.09761856
195.75,13.09711712
195.8,13.09661567
195.85,13.09611423
195.9,13.09561279
195.95,13.09511135
196,13.0946099
196.05,13.09410846
196.1,13.09360702
196.15,13.09310558
196.2,13.09260413
196.25,13.09210269
196.3,13.09160125
196.35,13.0910998
196.4,13.09059836
196.45,13.09009692
196.5,13.08959548
196.55,13.08909403
196.6,13.08859259
196.65,13.08809115
196.7,13.0875897
196.75,13.08708826
196.8,13.08658682
196.85,13.08608537
196.9,13.08558393
196.95,13.08508249
197,13.08458104
197.05,13.0840796
197.1,13.08357816
197.15,13.08307671
197.2,13.08257527
197.25,13.08207382
197.3,13.08157238
197.35,13.08107094
197.4,13.08056949
197.45,13.08006805
197.5,13.07956661
197.55,13.07906516
197.6,13.07856372
197.65,13.07806227
197.7,13.07756083
197.75,13.07705939
197.8,13.07655794
197.85,13.0760565
197.9,13.07555505
197.95,13.07505361
198,13.07455216
198.05,13.07405072
198.1,13.07354928
198.15,13.07304783
198.2,13.07254639
198.25,13.07204494
198.3,13.0715435
198.35,13.07104205
198.4,13.07054061
198.45,13.07003916
198.5,13.06953772
198.55,13.06903627
198.6,13.06853483
198.65,13.06803338
198.7,13.06753194
198.75,13.06703049
198.8,13.06652905
198.85,13.0660276
198.9,13.06552616
198.95,13.06502471
199,13.06452327
199.05,13.06402182
199.1,13.06352038
199.15,13.06301893
199.2,13.06251749
199.25,13.06201604
199.3,13.0615146
199.35,13.06101315
199.4,13.06051171
199.45,13.06001026
199.5,13.05950882
199.55,13.05900737
199.6,13.05850593
199.65,13.05800448
199.7,13.05750303
199.75,13.05700159
199.8,13.05650014
199.85,13.0559987
199.9,13.05549725
199.95,13.0549958
200,13.05449436
